{
    "患者": "***，男，82岁。",
    "主诉": "反复喘气半年，加重9天。、",
    "既往史": "病人半年来反复感活动后喘气，未行治疗。9 天前开始喘气加重，伴夜间阵发性呼吸困难，无咯血、胸痛、水肿等。在当地医院以“肺心病、房颤、高血压、2型糖尿病”治疗：倍他克片（酒石酸美托洛尔片）半片，2 次／日；氨氯地平片 1片，1次／日；贝那普利片1片，2次／日；二甲双肌缓释片1片，1次／日；双氢克尿塞（氢氯邃嗓）、螺内酉旨片，各1片，1次／日，好转不明显，为进一步治疗遂来我院。起病以来，精神、睡眠、食欲欠佳，大小便可，体力下降，体重改变不明显。",
    "个人史": "数年前发现高血压、血糖高，短期治疗，未监测血压、血糖情况。收缩压最高200mmHg。无手术外伤史，无药物过敏史。",
    "婚育史": "有吸烟史，平均 5 支／日，时间 40,-,50 年，未戒烟；无饮酒史；无毒品接触史。",
    "家族史": "已婚；结婚年龄：22岁；配偶健康情况：良。",
    "实验室检查": "血电解质：钾 K 3. OOmmo1/L，血常规（一），血清生化：白蛋白 ALB 34. 7g/L,GLU 6. 42mmo1/L,TC 6. 57mrno1/L,TG 1. 79mrno1/L,LDL-C 4. 56mmo1/L"
}