{
    "患者": "***，男，48岁。",
    "主诉": "血尿2年。",
    "既往史": "病人2年前体检时发现镜下血尿，后多次复查仍发现同样情况，未有伴随症状，也未行治疗。2010-11-04 日在当地医院复查尿常规：潜血+，蛋白1+。给予青霉素800万U静脉输液9 日，复查尿常规：潜血2+。11月17 日到我院复查尿常规：潜血 2+尿红细胞形态异常有两种，大于50％。双肾彩超：右肾积水。今为求诊治，遂来我科。起病以来，精神、食欲尚可，睡眠差，腹泻频繁，夜尿 2-3次，体力、体重未见明显改变。",
    "个人史": "有前列腺肥大史，有高血压史，1991年因骨折行脓骨、挠骨骨折内固定术；2001年5月因椎间盘突出行椎间盘切除术；2001年8月行胆囊切除术；有腹泻症状；过敏史不详。",
    "婚育史": "无地方病地区居住史，无吸烟饮酒史；无毒品接触史，疫苗接种史不详。",
    "家族史": "婚姻史：已婚；结婚年龄：24岁；配偶健康状况：良。",
    "实验室检查": "血液生化：2010-11-22, GLU 6. 5lrnrnol/L, RBP 52. 5mg/L, TG2. 5mmol/L；血常规：WBC 11. 5X109/L,LYMPH% 18. 99' ；凝血功能：PT-act 139. 2%;尿常规：BLD 1十，RBC 18' 5 个／UL。"
}