{
    "患者": "***，男，70岁。",
    "主诉": "上腹部不适近半年。",
    "既往史": "病人去年 9月份开始出现上腹部不适，偶感恶心，有呕吐，吐出酸水；饭后上腹部胀，时有疼痛。大便为稀水样便，次数增多，达3-5次／日，偶有黑便。在当地人民医院行胃镜示溃疡，活检示“胃腺癌”。起病以来，病人精神，睡眠，食欲一般，大便如上述，小便正常，体力、体重无明显改变。",
    "个人史": "有声音嘶哑、咳嗽、咳痰，经常呢逆。2 年前患胸膜炎，伴胸腔积液。乙肝病史30年，肝管结石多年；有前列腺肥大史，偶有尿频尿急；余未诉特殊病史，无手术史、输血史、疫苗注射、过敏史等。",
    "婚育史": "无吸烟饮酒史；无毒品接触史。",
    "家族史": "婚姻史；已婚；结婚年龄：23岁；配偶健康情况：良。",
    "实验室检查": "NEU % 87. 7%,LYM% 7. o% ，中性粒细胞绝对值 8. 6X109/L,淋巴细胞绝对值 0.7 X 109/L, TBA 18. 3prnol/L, PA 0. 13g/L, TG 0. 47rnmo1/L; HBsAg(+) , HBsAb(一 ) , HBeAg(一) , HBeAb(+) ,HBcAb(+) ,hs-CRP 4. 8mg/L.",
    "辅助检查": "当地人民医院胃镜示胃溃疡，活检示胃腺癌。"
}