{
    "患者": "***，男，50岁。",
    "主诉": "上腹部不适1个月余伴黑便1次。",
    "既往史": "病人1个月前无明显诱因出现上腹部不适，以剑突下为甚，进食后加重，昨晚、饮酒后解黑便一次，量约 b0Og。不伴发热、头晕、冷汗。未作特殊处理，遂来我院就诊。门诊以“上消化道出血”收人。起病以来，精神可，睡眠可，食欲可，大便如上述，小便如常，体力体重未见明显下降。",
    "个人史": "2004年和2009年各有一次类似发作史，2009 年行胃镜检查提示胃溃疡，高血压病史十余年（用药具体不详）,1975年行阑尾切除术。否认糖尿病、心脏病，否认肝炎结核史，否认外伤史，否认药物过敏史。",
    "婚育史": "预防接种史：不详；无手术外伤史，无输血史。吸烟史：平均 10 支／日，时间20年，未戒烟。饮酒史：有，平均2两／日，时间 20年，未戒酒。无毒品接触史。",
    "家族史": "婚姻史：已婚；结婚年龄：26岁，配偶健康情况；良。",
    "实验室检查": "查血：TF 54. 9g/L,ALB 34. 5g/L。"
}