{
    "患者": "**，男，47岁。",
    "主诉": "突发吐词不清、右侧肢体无力两个半小时。",
    "现病史": "病人于7时左右下飞机后突发吐词不清，伴右侧肢体无力，无恶心，心慌，头昏、头痛，无肢体麻木、抽搐，无大小便失禁。",
    "既往史": "平素健康良好；预防接种史：无；手术外伤史：无；药物过敏史：无。",
    "个人史": "生于武汉，久居武汉，无疫区、疫水接触史，无吸烟饮酒史。",
    "婚姻史": "已婚，配偶曾患腰椎间盘突出。",
    "家族史": "父：已故，死于中风；母：已故，死因不详。",
    "辅助检查": "本院急查头颅 CT 未见明显异常高密度影。"
}