{
    "患者": "***，女，10个月。",
    "主诉": "咳嗽4天伴发热。",
    "现病史": "患儿4天前无明显诱因出现咳嗽，伴发热，体温最高 39C，呕吐 2次，为胃内容物，大便稀。门诊以“仙力素”治疗2天，体温正常，仍咳嗽，伴喉喘。起病以来，患儿精神，睡眠，食欲可，大便稀，小便可，体力、体重无改变。",
    "既往史": "平素健康状况良好，无疾病史，无传染病史，按计划进行预防接种，无输血史，无外伤及手术史。",
    "个人史": "第1胎第1产，出生时体重 3. 3kg。出生情况：足月，无窒息，生产情况：剖宫产，母孕期情况好，人工喂养，添加辅食时间4个月。生长发育史：抬头3月，坐 6月，萌牙4月。",
    "家族史": "父母非近亲婚配，家族成员无传染病史，无遗传、代谢病史，家庭成员无类似病史。居住地无流行病及地方病史。",
    "社会史": "居住地无流行病及地方病史，居住环境正常。",
    "辅助检查": "门诊血常规：WBC 2. 2X109/L,N 57. 6%,L 31. 1/L,"
}