{
    "患者": "***，男，64岁。 ",
    "主诉": "摔伤致腰腹部疼痛 3 天。 ",
    "现病史": "病人 3 天前因不慎从高处坠落，腰部剧烈疼痛，坐立时疼痛明显加重，同时左上腹感觉疼痛，疼痛呈持续性。曾在外院检查CT见腰 3 椎体骨折，行相关治疗（具体用药不详），症状无好转，并开始逐渐出现双下肢抬腿困难。 起病以来，病人精神欠佳，睡眠可，食欲欠佳，大小便可，体力下降，体重未见明显异常。 ",
    "既往史": "有支气管炎；否认糖尿病，心脏病；否认肝炎、结核史；否认外伤史；药物过敏史不详。 ",
    "个人史": "无吸烟饮酒史；无毒品过敏史。 ",
    "婚育史": "已婚；结婚年龄：25岁；配偶健康状况：良。 ",
    "家族史": "无家族性遗传病及传染病人密切接触史；父母体健。",
    "辅助检查": "2011-03-15，当地医院 CT：腰 3 椎体爆裂性骨折。 2011-03-18，腰椎 MRI 平扫：1．腰 1-3 椎体骨折，伴脊髓受压；2．腰4-骶1椎间盘突出。"
}