{
    "姓名": "张三",
    "年龄": "38岁",
    "性别": "男",
    "主诉": "呼吸困难，1天。",
    "现病史": "病人1天前因受凉后出现呼吸困难，不能平卧，伴喘息，咳少量黄痰，无发热，曾晕厥一次，伴心慌胸闷，无头晕头痛，无腹痛腹泻不适。为进一步求治，今来我院，门诊予以甲强龙+安塞玛（多索茶碱）静滴后无明显好转，遂以“支气管哮喘急性发作”收人我科。起病以来，精神、睡眠、食欲欠佳，大小便正常，体力、体重无明显改变。",
    "既往史": "有支气管哮喘病史8年。否认高血压、心脏病、糖尿病、结核等病史，否认药物过敏史。",
    "个人史": "无吸烟饮酒史；无毒品接触史。",
    "婚育史": "已婚；结婚年龄：24 岁；配偶健康情况：良，育有一子。",
    "家族史": "无家族性遗传病及传染病人密切接触史；父、母亲体健。",
    "实验室检查": "丙氨酸转移酶(ALT) 21U/L，天门冬氨酸转移酶 (AST)24U/L，总蛋白 TF 71. 7g/L，白蛋白 ALB 46.9岁L，球蛋白 GLB 24. 8g/L，钠 Na 139. 5mmol/L，钾 K5. omrnol/L,氯 Cl 103. 2mmol/L，白细胞计数 WBC 21. 1 X 109/L，中性粒细胞百分数NEU % 9O.5%,淋巴细胞百分数 LYMPH% 5. 4%，血红蛋白 HGB 152g/L，血细胞比容 HCT 0. 462L/L，红细胞平均容积 MCV 87. 7fL，血酸碱度 pH 7. 46，二氧化碳分压 PaCO2 38mmHg，氧分压 Pa吼 67mmHg"
  }
  