{
    "患者": "**，男，63岁。",
    "主诉": "右侧腹股沟可复性肿物 6年，加重2个月余。",
    "现病史": "病人6年前无明显诱因出现右侧腹股沟区肿物，呈球形，大小约8cm*6cm。咳嗽、站立等原因致腹压增加时，肿物突出，平卧后肿物可自行还纳，6 年来肿物逐年增大，无腹痛、腹胀，无腹泻，无恶心、呕吐，无便秘、便血，无心慌、胸闷等不适，因不影响生活及体力劳动，未行特殊治疗。2 个月来肿物增大明显，稍有咳嗽及站立便突出体表，一直未坠人阴囊，严重影响体力劳动。自起病以来，病人精神可，食欲可，睡眠可，大小便正常，体力、体重无明显变化。",
    "既往史": "平素健康状况良好，高血压1年余，最高Bp 156/98mmHg，否认“乙肝、结核”等传染病史，1970年右眼多次取异物史，无外伤史，无输血史，无过敏史，预防接种史不详。",
    "个人史": "经常居留地：武汉市。地方病地区居住史：无。吸烟史；有，平均 2支／次，时间 30年，未戒烟。饮酒史：有，平均2两／天，时间 30余年，未戒酒。毒品接触史：无。其他：无。",
    "婚育史": "已婚；结婚年龄：25岁，配偶健康状况良好，育有一子一女。",
    "辅助检查": "EGG：窦性心律，心电轴重度左偏；超声示：主动脉瓣钙化伴微量反流；大便潜血：弱阳性（十／ )；尿常规：潜血（十十）,RBC 个 25. 9 个／ul，结晶个 480. 7 个／ul;凝血功能未见异常；血常规正常。"
}