{
    "患者": "***，男，60岁。",
    "主诉": "发现食管癌3年余。",
    "既往史": "病人于2007年10月行胃镜检查发现距门齿32cm处小片状糜烂，病理示鳞癌细胞伴坏死，鳞状上皮增生，在当地医院放射治疗后病变消失，并正常饮食。2009 年 4月胃镜提示距门齿38cm处食管后壁豁膜糜烂，病理示鳞癌，经光动力治疗后病变消失，后复查胃镜同前。近一个月来，病人感进食疼痛，并伴有咽部疼痛，无反酸、暖气，行全身肿瘤代谢显像提示食管下段癌，上消化道造影及胃镜检查食管下段癌，未进一步治疗来我院，门诊以食管癌收人院。起病以来，精神差，睡眠差，食欲差，大小便一般，体力、体重明显下降。",
    "个人史": "平素健康状况良好，病人因胃镜检查发现“胃窦部印戒细胞癌”于2006 年在当地医院行经腹胃窦癌根治术，术后病检未见癌细胞，考虑胃窦癌早期。否认“乙肝、结核”等传染病史，无外伤史，无输血史，过敏史不详，预防接种史不详。",
    "婚育史": "经常居留地：黄冈市。地方病地区居住史：无。吸烟史：无。饮酒史：无。毒品接触史：无。其他：无。",
    "家族史": "已婚；结婚年龄：29岁；配偶体健。",
    "辅助检查": "2009 年 11月，当地医院出院小结一份，诊断为食管下段癌，胃窦癌术后；2010 年当地医院：全身肿瘤代谢显像检查提示食管下段癌，上消化道造影及胃镜检查食管下段癌。"
}