{
    "患者": "**，女性，36岁：**公司职员，病人自述病史，可靠。",
    "主诉": "心烦、焦虑2 年余。",
    "现病史": "病人两年余前无明显诱因出现心烦、焦虑，自觉时常感到紧张，但具体又说不出紧张的事情。经常注意力不集中，影响工作，自觉状态很差。上述情况一直持续，曾经在单位做过体检，未查出明显病变。去年底曾到我院门诊就诊并服用阿米替林，因不能耐受自行停药。近期感觉症状有所加重，出现坐立不安，睡眠差，偶尔还感觉头痛，心慌、气短等情况，为求进一步诊治，门诊以“焦虑症”收入院。起病以来，食欲、睡眠较差，大便偶尔干结，小便偶有尿急。体力、体重尚无明显变化。",
    "既往史": "否认高血压、糖尿病史，否认心脏病史，无肝炎、结核病史，无食物药物过敏史，曾有一次剖宫产手术史。",
    "月经史": "13 岁初潮，平时月经基本正常，一般 3---5 天，末次月经是 4 月 0 日。",
    "婚育史": "已婚，夫妻感情良好，现育有1子，家人身体健康。",
    "家族史": "父母健在，否认家族特殊遗传病及类似病史。",
    "个人史": "出生和居住都在本地，否认疫区接触史，无吸烟、饮酒及其他不良嗜好。",
    "实验室检查": "门诊检查血常规、尿常规、肝功能、心电图、脑电图结果均在正常范围内。",
    "神经系统检查": "神志清楚，双侧瞳孔直径 3mm，光反射存在，眼球运动正常，无舌面瘫，反射正常，颈软无抵抗，克布氏征阴性，四肢肌力、肌张力正常，腔反射等存在，无病理征， 腹壁反射灵敏，感觉无减退。双侧轮替运动及指鼻试验正常，龙贝格征阴性。",
    "精神检查": "病人自己步人病房，意识清晰，仪容端庄，接触良好，吐词清晰，对答切题， 情感反应适度，略显焦虑，言语累赘，思维内容及环境协调，无思维障碍。"
}