{
    "患者": "赵某，男，35岁，农民。被家属绑送人病房，病人父亲陈述病史，可靠。",
    "主诉": "间歇性反复发作兴奋话多、夸大，伴动作行为增多、易激惹等20年。",
    "现病史": "病人于1992 年1月上旬无明显诱因急起精神失常，表现为兴奋话多，无故指责他人，到公社、大队无理取闹。易怒，稍不如意就发脾气、骂人，有时甚至动手打人、砸毁家具等。当时还中断日常劳作，四处乱走，声称要做生意、多赚钱。到处购物，再将买到的烟酒、书籍随意散发给陌生人。整日忙碌不停，夜间少眠。还有一些偷窃行为，甚至偷女性衣服穿在自己身上。当时尚能料理个人生活。家人1992 年 2月第一次将其送人医院治疗。当时诊断为“躁狂症”，服用氯丙库等，数周后“痊愈”出院，出院后一切如常。以后又多次复发而住院治疗，每次复发症状基本相同，均以兴奋话多、活跃好动、管闲事、易激惹、夸大等为主要表现。每次住院均诊断为“躁狂症”，经氯丙嗦、碳酸铿及电休克等治疗而以“痊愈”出院。一般每次病情复发历时数周，病情缓解后一切如常，无残留症状。在患病前后病人一直未出见过情绪抑郁、迟滞少动、悲观厌世等表现。本次犯病是1个月前，病人第 9 次复发。复发后再次中断日常工作，言语增多，经常眉飞色舞地说个不停。到处游逛，甚至扒车到北京、上海等大城市流窜，对人称是“上访”。在其所流窜的城市里，靠到餐馆吃别人的剩饭菜或偷窃度日，夜间则露宿街头。病人还有扰乱社会秩序的行为，有时站在马路上指手画脚、吹口哨、拦阻汽车，谓之“指挥交通”。因此被当地的治安部门收容。病人在收容所里仍无理取闹、打破窗玻璃、辱骂公安人员，称自己是了不起的大人物，有很多亲戚当“大官”，其本人也很快就要当“大官”。因此，公安部门联系家人将其送至我院治疗。起病以来，食欲增强，睡眠较少，大小便正常。精力充沛，体重尚无明显变化。",
    "既往史": "病人曾于1992 年2月、1996 年1月、1997 年 5月、1998 年11月、2000 年11月、2002年10月、2004年5月、2005 年 4月、2007 年1月先后 9 次因“躁狂症”而住院治疗。否认既往有脑外伤、脑炎、昏迷、高热、惊厥史，否认曾患其他重大躯体疾病。无药物中毒及过敏史，无输血、外伤史。",
    "个人史": "病人系独子，母孕期及出生时无特殊，幼年生长发育正常。 8岁上学，成绩一般。19岁开始在社办农场工作，工作能力与表现均可。性格外向、合群、喜交往。",
    "婚育史": "至今未婚未育。",
    "家族史": "父母身体健康，否认家族特殊遗传病史。父母两系三代均无神经精神病史。",
    "实验室检查": "门诊检查血常规、肝功能、心电图、脑电图结果均在正常范围内。",
    "神经系统检查": "神志清楚，双侧瞳孔光反射存在，眼球运动正常，无舌面瘫，咽反射正常，颈软无抵抗，克布氏征阴性，四肢肌力、肌张力正常，腿反射等存在，无病理征，腹壁反射灵敏，感觉无减退。双侧轮替运动及指鼻试验正常。",
    "精神检查": "病人仪态不整，服饰怪异，被绑送人病房。意识清晰，定向力良好，对环境无陌生感，接触主动，情绪高昂，兴奋话多，滔滔不绝，难以打断其语流。注意力不集中，频频转移话题。喜欢指手画脚，爱管闲事，整日忙碌但常虎头蛇尾或有始无终。"
}