{
    "患者": "***，性别：男，年龄:63岁。",
    "主诉": "血糖升高12年，加重半年。",
    "既往史": "病人12年前发现血糖升高，一直坚持治疗，拜糖平（阿卡波糖）50mg,1次／日，格华止（二甲双肌)0. 5g,l次／日，诺和龙（瑞格列奈）1mg, 1次／日，来得时（甘精胰岛素）'ou，皮下注射，1次／日。近半年来自觉口干症状加重，体重减轻约4. 5kg，体检查尿常规发现蛋白尿（十），血脂异常，具体数值不详，遂来我院就诊。起病以来，精神欠佳，睡眠可，食欲如常，大便无明显变化，小便不畅，无夜尿增多，体力下降。",
    "个人史": "有冠心病史（前降支缺血），有排尿困难病史，无手术外伤史，疫苗接种史不详，无输血史，无过敏史。",
    "婚育史": "无地方病地区居住史，无吸烟饮酒史，无毒品接触史。",
    "家族史": "已婚；结婚年龄：27岁，配偶状况良好。"
}