{
    "患者": "***，男，68岁。",
    "主诉": "胸闷伴胸痛半天。",
    "既往史": "病人昨日下午1时左右无明显诱因突发前胸胸闷，伴少许疼痛，不伴心慌，恶心呕吐，出汗等症状，自服丹参片未见好转，持续至夜间未觉缓解，求进一步诊治就诊于我院急诊，急诊以“胸痛待查，急性冠脉综合征”收人。起病以来，精神差，睡眠差，食欲一般，大便未解，小便频，体力、体重无改变。",
    "个人史": "有糖尿病史 20余年，现服用中药治疗，血糖控制可，否认高血压病史，否认肝炎等传染病史。",
    "婚育史": "有吸烟史，平均6支／日，时间40年，未戒烟；无饮酒史；无毒品接触史。",
    "家族史": "已婚；结婚年龄：不详；配偶健康状况：良。",
    "辅助检查": "2010-06-27，我院急诊心梗三项：肌钙蛋白 34. 049ug/L, CKMB 48. 65ug/L, 肌红蛋白 282. 821ug/L, 2010-06-27，我院急诊心梗三项：V1 :rS 型，V2 ：病理性 Q波。"
}