{
    "患者": "***，女，24岁。",
    "主诉": "下腹胀痛 4天，阴道流血2天。",
    "现病史": "病人平素月经规律，经期 4 天，月经周期 30 天，量中，有痛经，末次月经：2010-10-08,2010-10-25 于本院行鲜胚移植术，移植 2 个，病人于 2010-11-16 上午出现右下腹部疼痛，呈坠痛，偶为剧痛。至今有缓解，2010-11-18下午出现少量阴道出血，色黑，2010-11-19 流血增多，色仍为黑色，今在我院门诊查血 HCG: 1557. 1IU/L，子宫附件B超：右侧附件可见 3. 7cmX3. 9cm混合性光团，宫腔内 1. 9cmX4. 4cm暗区，门诊以“早孕，宫外孕待排”收人院。起病以来，精神，睡眠，食欲均可，大小便正常，体力、体重无改变。",
    "既往史": "平素健康状况良好，无疾病史，无传染病史，预防接种史不详。",
    "手术史": "2009年于本院行腹腔镜下输卵管造口术。无输血、过敏史。",
    "个人史": "经常居住地：洪湖市。无吸烟、饮酒及毒品接触史。",
    "婚育史": "已婚已孕；结婚年龄：20岁。妊娠1次，产0 次，自然生产0 次，手术产0 次，自然流产0 次，人工流产0 次，早产0次，死产0 次。配偶健康状况良好。",
    "月经史": "月经史：初潮年龄13岁，经期一般4:天，周期30天，末次月经：2010-10-08，经量正常，有痛经史。",
    "家族史": "父母体健，无特殊遗传病史。",
    "妇科检查": "窥器检查阴道畅通可见暗红色血液，宫颈肥大，后弯隆饱满，为避免刺激未行内诊。",
    "门诊资料": "2010-11-20，本院血 HCG 1557. 1工U/L，子宫附件 B 超：右侧附件可见3.7cmX3. 9cm混合性光团，宫腔内 1. 9cmX4. 4cm 暗区。"
}