{
    "患者": "***，女，74岁。",
    "主诉": "心慌胸闷1月余，加重1周。",
    "既往史": "病人于1月前诊断为扩张型心肌病，多次在我院治疗，院外一直坚持药物治疗，用药不详，于2010年12月出院2 天后感心慌、胸闷，伴恶心、呕吐，出汗，无发热、胸痛，无咳嗽、咳痰。近一周心慌，喘气加重，偶有咳痰，为白色泡沫痰，特来我院治疗，治疗好转后昨日出院，出院后以上症状再发并加重，遂人我院，检查后以“扩心病心衰”收住院。起病以来，精神差，睡眠差，食欲差，大小便次数减少，小便量少，体力差，体重无变化。",
    "个人史": "平素健康状况良好。有呼吸困难，有心悸、高血压，有胃溃疡、胆囊炎及胆石、症病史，有糖尿病及痛风病史，无传染病史，无手术外伤史，无输血史，无过敏史。",
    "婚育史": "无吸烟饮酒史，无毒品接触史。",
    "家族史": "已婚已育；结婚年龄：25岁，配偶健康状态良好，自然生产4次，手术产0，流产0，早产死产0次。月经史：初潮年龄 14岁，经期 5 天，末次月经1982-01-14，周期 28 天，经量正常，无经痛。"
}