{
    "患者": "曾**，女，22岁。",
    "主诉": "转移性下腹疼3天。",
    "现病史": "病人三天前出现转移性右下腹疼痛，先以中上腹疼痛，后转移至右下腹及全腹绞痛，伴恶心、呕吐1次，偶有头晕，无心慌，无肩背部放射痛，无肛门坠胀感，阴道无出血。病人平素月经规律，LMP:2011一0107，曾在当地医院行抗感染治疗 2天无缓解。",
    "既往史": "平素健康状况良好，2009 年因宫颈糜烂在外院行光疗术。1998 年因右大腿皮下组织脓肿在外院行手术治疗，2010 年 3 月外院行乳腺纤维瘤剔除术。无传染病史，无外伤史。",
    "婚育史": "未婚，有性生活史，2010 年1月行人流1次。月经史：初潮年龄13岁，经期 6 天，周期 30天，末次月经：2011-01-07，经量少，无痛经，经期规则。",
    "月经史": "初潮年龄 13 岁，经期 6 天，周期 30 天，末次月经：2011-01-07，经量少，无痛经，经期规则。",
    "家族史": "父、母体健。无遗传病史。",
    "辅助检查": "2011-02-02，我院门诊 B 超示“右侧附件区混合性包块”，血HCG示 OIU/L,WBC12.3*10^9/L,NEUT% 89.9%,LYM% 5.5%"
}