{
    "姓名": "张三",
    "年龄": "16岁",
    "性别": "男",
    "主诉": "喘气，伴咳嗽、咳痰1周。",
    "现病史": "病人因1周前因空调冷气刺激后出现喘气，伴咳嗽、咳少量白色黏液样痰，有时感到胸闷、胸痛。伴头痛、流涕、打喷嚏，咽喉不适，无发热，乏力。在外院门诊治疗（具体用药不详）后症状无明显缓解。起病以来，精神尚可，睡眠欠佳，食欲一般，大小便正常，体力稍下降，体重减轻1.5kg。",
    "既往史": "6岁时患有哮喘，每年发作1～2次，近一年来发作次数增多，本月已发作2次，先后用药缓解。有过敏性鼻炎病史4年。家族中有青霉素过敏史。否认肝炎、结核病史。无传染病史，无手术、外伤史，无输血史，疫苗接种史不详。",
    "个人史": "出生于 ***，现在常居住于 ***，现就读于 *** 高中，无烟酒吸烟史；无毒品接触史。",
    "婚育史": "未婚，为患过影响生育的疾病。",
    "家族史": "无家族性遗传病及传染病人密切接触史；父亲体健；母亲体健。"
  }
  