{
    "患者": "***，女，19岁。",
    "主诉": "发现右乳肿块1年。",
    "现病史": "病人于1年前在医院检查发现右乳肿块，无局部疼痛、乳头溢液，未行特殊治疗，肿块无明显增大。起病以来，病人精神，食欲，睡眠，大小便可，体力、体重无明显异常。",
    "既往史": "病人平素健康状况良好，无疾病史，无传染病史，预防接种史不详，无外伤及手术史，无输血史，药物过敏史不详。",
    "个人史": "经常居留地：西安；无吸烟史、饮酒史及毒品接触史。",
    "婚育史": "未婚。月经史：有，初潮年龄12岁，经期 5天，周期 28天，末次月经：2011-03-01，经量正常，痛经无，经期规则。",
    "家族史": "父母体健，无类似疾病家族史。",
    "门诊资料": "2011-02-02于当地医院彩超：右乳低回声结节，符合乳腺纤维腺瘤声像图改变。"
}