{
    "患者": "**，女，30岁。武汉市某工厂工人，2011-12-22 人院，同日记录，病人母亲陈述病史，欠详，可靠。",
    "主诉": "猜疑丈夫有外遇并加害于她8个月，消极3周。",
    "现病史": "病人自 8 个月前，无端猜疑丈夫有外遇，尾随其后跟踪监视，凡见其与异性交谈，即认为是“谈情说爱”，为此夫妻经常口角。 6 个月前一天上街，路遇女邻居带着12岁女儿在商店购物，丈夫含笑问好，病人当即认定该女孩乃他俩的“私生子”，勃然大怒，动手抓打丈夫。此后，疑心更重，认为丈夫在饭内放毒，趁熟睡时用电电死她，好另觅新欢。因此，不敢吃饭、睡觉，并到处诉说随时听到丈夫在骂她，认为邻居装了窃听器，伙同丈夫监视她，常对空指骂，半夜殴打丈夫，拖到法院要求离婚。2011年11月下旬后，情绪消沉、坐卧不宁，觉得活着没意思，欲买敌敌畏自杀，因被商店人员阻止而未遂。近月来生活懒散被动，饮食不规则，有时彻夜不眠。11月30 日经我院门诊，诊断为“精神分裂症”，给以氯丙嗦治疗，因病人抗拒服药，家庭管理困难，收容人院。",
    "既往史": "平素体健，3岁时患“麻疹”2 周痊愈，否认有其他急性传染病史。幼年曾按时接种卡介苗、牛痘等疫苗。1979 年、1980 年曾接种四联菌苗各一次。无脑外伤、高热、惊厥、抽搐、昏迷及肝、肾疾病史，无药物中毒及过敏史。",
    "个人史": "生于武汉，系第二胎，足月顺产，母孕期健康，幼年发育正常。 8岁上学，成绩良好，1983 年初中毕业后分配到现单位工作，平时工作主动性差，病前性格敏感多疑，孤僻胆小，无特殊爱好，无知心朋友。月经史：经期 3-4天，月经周期 28~ 30天，量中等，无痛经史，末次月经时间 201111-200",
    "婚育史": "1997年与现丈夫自由恋爱，2000年2月结婚，夫妻感情尚好，丈夫作风正派。2000年 3月怀孕，5月中旬人流，近 2个月因夫妻间无法共同生活已分居。",
    "月经史": "经期 3-4 天，月经周期 28~ 30 天，量中等，无痛经史，末次月经时间 2011-11-20",
    "家族史": "丈夫体健。父母及一兄一妹身体健康，舅舅有“精神病”史 15 年，1993 年死于“心脏病”，表兄有“精神分裂症”史 5 年，在我院门诊治疗，目前病情较稳定。",
    "实验室检查": "门诊检查血常规、尿常规、肝功能、心电图、脑电图结果均在正常范围内。",
    "精神检查": "病人由母亲陪同步入病室，意识清晰，仪容不整，蓬头垢面，接触被动，注意力不能长时集中，东张西望，对周围环境存在戒心。情感反应淡漠，与思维内容及环境不协调，面带笑容地谈论丈夫有外遇，加害自己的过程，有时无故发笑。"
}