{
    "患者": "***，女，29岁。",
    "主诉": "解除避孕后2年未孕。",
    "现病史": "病人于 2年前解除避孕，性生活正常，至今未孕，曾服用中药治疗（具体不详），效果欠佳。2008-12-23日我院HSG示：双侧输卵管粗细不均并扭曲，造影剂弥散欠佳。2008年、2009年1月在我院行B超监测排卵，有排卵。其配偶精液分析示正常。今病人有生育要求，来我院就诊，门诊以“盆腔炎”收人院。病人自起病以来，精神、食欲、睡眠可，大小便正常，体力、体重无明显变化。",
    "既往史": "平素健康状况良好，各系统无特殊疾病史，否认“乙肝、结核”等传染病史，无手术外伤史，无输血史，无过敏史，预防接种史不详。",
    "个人史": "经常居留地：武汉市；无地方病地区居住史，无吸烟史，无饮酒史，无毒品接触史。",
    "婚育史": "已婚。结婚年龄：20岁；孕1产1，配偶体健。",
    "月经史": "初潮年龄：13岁，经期 5 天，周期 29 '--- 30 天，末次月经：2011-03-05，经量正常，痛经有，经期规律。",
    "家族史": "无家族性遗传性疾病史及传染病史密切接触史，父母亲体健。",
    "辅助检查": "2008-12-23，我院 HSG示：双侧输卵管粗细不均并扭曲，造影剂弥散欠佳。",
    "专科体检": "外阴已婚型，阴道畅，子宫后位，大小正常，活动可，右侧附件区稍增厚。",
    "入院检查": "全血 CBC十DIFF：中性粒细胞 NEUT% 73. 4(40'-'72）其余正常；血清生化检查：肌配 Cr 49. 2imo1/L(54'-J33）其余正常；尿液检查：正常；乙肝、丙肝、H工V、梅毒检查均正常；凝血功能检查正常。"
}