{
    "患者": "***，男，21岁。 ",
    "主诉": "阴囊、会阴部坠胀感3月。 ",
    "现病史": "病人3个月前无明显诱因出现阴囊会阴部坠胀感，偶有尿痛，无肉眼血尿，无 尿频、尿急，无发热、黄疽，无腹痛、腹泻。起病以来，病人精神可，睡眠可，食欲可，小便同上，大便正常，体力、体重均有所下降。 ",
    "既往史": "平素健康状况良好，肾结石病史1年，否认“乙肝、结核”等传染病史，2003年 右庙气手术史十包皮环切术，无外伤史，无输血史，无过敏史，预防接种史不详。 ",
    "个人史": "经常居留地：武汉市。 地方病地区居住史：无。 吸烟史：无。 饮酒史：无。 毒品接触史：无。 其他：无。 ",
    "婚育史": "未婚。 ",
    "家族史": "无家族性遗传性疾病史及传染病史密切接触史，父母亲体健。",
    "体格检查": "T 36. 6C ,P 82 次／分，R21次／分，Bp 148/87mmHg。神清，皮肤、巩膜无 黄染，浅表淋巴结无肿大，气管居中，双侧甲状腺无肿大，双肺呼吸音清，未闻及干湿性哆 音，心率 82 次／分，律齐，未闻及杂音，腹平软，无压痛反跳痛，肝脾肋下未及，移动性浊音 阴性，双肾区叩击痛阴性，右腹股沟陈旧性手术癖痕约 5cm，双侧精索静脉曲张明显，双下 肢无水肿。"
}