{
    "患者": "***，男，50岁。",
    "主诉": "突发右侧肢体无力3小时。",
    "现病史": "病人约3小时前发现右侧肢体无力，活动受限，且言语不清，伴头痛，不伴呕吐、抽搐、大便失禁、昏迷。",
    "既往史": "平素健康状况良好。高血压10 年，糖尿病10年，在服二甲双肌片。无传染病史，无手术外伤史，无过敏史。",
    "个人史": "生于武汉市，久居武汉市。无毒物及放射线等接触史，吸烟 20 年，每天 20支，未戒烟。无饮酒史。",
    "婚姻史": "离婚，配偶体健。",
    "家族史": "父亲曾患痴呆，母亲曾中风。",
    "门诊资料": "：2011一02-01，脑颅 CT 左丘脑出血破人脑室。"
}