{
    "患者": "**，男，55岁。",
    "主诉": "突发上腹部疼痛 9小时。",
    "现病史": "病人于今晨07:30进食面条后，于8点突然出现上腹部疼痛，呈持续性，刀割样疼痛，伴有发热，并有恶心、呕吐胃内容物多次，感腹胀，肛门无排气，未排便。遂在当地医院就诊，给予治疗后（具体药物不详）未见好转。起病以来，病人精神尚可，未进食，未睡眠，未解大便，小便稍少，体力、体重无明显下降。",
    "既往史": "有乙肝病史（小三阳），无手术外伤史，无药物过敏史，无输血史、预防接种史。",
    "个人史": "经常居留地：武汉市。地方病地区居住史：无。吸烟史：无。饮酒史：无。毒品接触史：无。其他：无。",
    "婚育史": "已婚；结婚年龄：25岁。",
    "辅助检查": "门诊腹部立位片：空腔脏器穿孔；血常规：WBC 12.3*10^9/L，血 AMY 121U/L，尿 AMY 961U/L；门诊腹部 B 超：基本正常"
}