{
    "患者": "唐**，女，16岁。**高中学生，由母亲带人病房，病人自述病情，病人母亲补充，可靠。",
    "主诉": "消瘦近1年伴闭经半年。",
    "现病史": "病人于去年夏天为迎接初中毕业考试，争取考上重点高中，学习十分紧张，常不吃早餐就去上学，午餐、晚餐进食也很少。父母认为是学习过于劳累所致，于是给予巧克力、奶粉、鸡蛋、鸡汤、排骨等“滋补”。此时病人对巧克力等尚感兴趣，每天能进食一些。、考试后，因成绩未上重点高中线，心中闷闷不乐。某日体检，发现自己的体重比另一同学重了2kg，回家后老照镜子，认为自己太胖了，不及同学苗条。随后拒食任何“滋补品”，继而不吃肉、蛋。饭也愈吃愈少，仅吃蔬菜、西瓜。上高中后，上述症状有增无减。春节期间，家里为她做了许多她所喜爱吃的菜和各种零食，但她只吃白菜、萝卜干和少量米饭，还有话梅、瓜子等。多吃一点儿就吐，体重由去年的 45kg降到了就诊时的 30kg。近半年多，月经也没有来。但精神很好，每天上学不误，父母因见其明显消瘦，多次带她到当地医院就诊，经多次体检均未发现异常，故转我院精神科。",
    "既往史": "平素体健，否认急性传染病史。幼年曾按时接种卡介苗、百白破、乙肝等疫苗。无脑外伤、高热、惊厥、抽搐、昏迷及肝、肾疾病史，无药物中毒及过敏史，无输血、外伤史",
    "个人史": "独生女，生于武汉，系第一胎，足月顺产，母孕期健康，幼年发育正常。 6岁上学，成绩一直优秀，个性好强，内向。",
    "月经史": "初潮12岁，经期 3 '---4天，月经周期 28-30天，量中等，无痛经史，末次月经时间2011-11-20.",
    "婚育史": "16岁学生，未婚未孕。",
    "家族史": "父母身体健康，否认家族特殊遗传病及类似病史。",
    "神经系统检查": "神志清楚，双侧瞳孔直径 3mm，光反射存在，眼球运动正常，无舌面瘫，咽反射正常，颈软无抵抗，克布氏征阴性，四肢肌力、肌张力正常，键反射等存在，无病理征，腹壁反射灵敏，感觉无减退。双侧轮替运动及指鼻试验正常，龙贝格征阴性。",
    "精神检查": "病人自己步人病房，意识清晰，衣饰整洁，接触被动，谈吐有条理，对答切题，语言表达良好，情感反应适度，未发现幻觉、妄想，亦未见其他思维逻辑障碍，情绪稍易激惹。"
}