{
    "患者": "**，男，9 岁。",
    "主诉": "间断发热 1个月余，伴咳嗽半个月。",
    "现病史": "患儿于 1个月前无明显诱因出现间断性发热（38-40度)，无咳嗽、呕吐等症状，在妇幼医院住院治疗（具体不详），体温控制不理想，半月前出现咳嗽，阵发性，伴咳白色豁液痰，在陆军总医院输液治疗（具体不详），仍有反复高热。",
    "既往史": "平素健康状况：一般；疾病史：无；传染病史：无；预防接种：按计划接种；输血史：无；外伤及手术史：无。 ",
    "个人史": "第 3 胎第1产，出生时体重 3. 4kg；出生时情况：足月，无窒息；生产情况：剖宫产；母孕期情况好。喂养史：人工喂养，添加辅食时间 4 个月；母乳期营养及健\n康良好。生长发育史：抬头 3 月，坐 6 月，走 9 月，萌牙 8 月，说话 12 月。生活习惯：饮食\n偏食，睡眠少，无其他异常情况。 ",
    "家族史": "父母婚配：非近亲；家族成员传染病史：无；遗传、代谢病史：无；家庭成员类似病史：无。"
}