{
    "患者": "殷某，男，48岁，职员。于20064047人院。",
    "主诉": "反复出现发愁、少语、少动症状3年，加重10天。",
    "现病史": "病人 3年来反复出现发愁、少语、少动症状。首次发病于 2003年 1月，单位领导在年终总结会上强调职工利用职务之便所得物品要交公，当晚病人即难以人眠，数天后开始长吁短叹，少言寡语，食少，食欲减退，懒动。问其故，答曰：“我有罪”，“我拿过公家的东西”等。言语缓慢简短，声音低沉。家人劝其就医，病人拒绝。经反复劝说就诊时又对医师历数一遍“罪行”，愁容满面，带恐惧之色。给予药物治疗1月半后，上述表现消失，与病前无异，工作生活学习正常。2006年1月第二次发病，无原因发愁少语，少动少食呆坐，自认为有罪，表现同前次，未经治疗，历经1月余自动缓解，生活工作如常。第三次发病于 2006-09-15，无原因闷闷不乐，少语寡言，语声低细，语速缓慢，由呆坐到终日卧床，食少，食欲减退，彻夜不眠。同事来探望，即离床下跪叩头，口称“有罪”，“要写检讨”，“该枪毙”，检讨拿了公家的东西；与邻居姑娘、嫂嫂、婶婶乱搞男女关系等，要求法办，要求给他吃药死去。并说脑子迟钝不好使，好忘事。近 10 天来病情加重，卧床少动，睡眠困难，早醒。进食甚少，有时2'--3天不吃饭。大小便正常。未见自杀行为。",
    "既往史": "平素体健，否认急性传染病史。无脑外伤、高热、惊厥、抽搐、昏迷及肝、肾疾病史，无药物中毒及过敏史，无输血、外伤史。",
    "个人史": "幼年生长发育正常，1986 年参加工作，积极肯干，为人忠厚老实，胆小怕事，很少与人交往，但与同事相处和睦，曾连续数年被评为先进工作者。无烟酒嗜好。",
    "婚育史": "已婚，婚后伉俪情深，现有一女，妻子和女儿身体健康。",
    "家族史": "父母身体健康，否认家族特殊遗传病史。父母两系三代均无神经精神病史。",
    "实验室检查": "门诊检查血常规、尿常规、肝功能、心电图、脑电图结果均在正常范围内。",
    "神经系统检查": "神志清楚，双侧瞳孔光反射存在，眼球运动正常，无舌面瘫，咽反射正常，颈软无抵抗，克布氏征阴性，四肢肌力、肌张力正常，健反射等存在，无病理征，腹壁反射灵敏，感觉无减退。双侧轮替运动及指鼻试验正常。",
    "精神检查": "病人意识清晰，定向力良好，生活被动，情绪低落，语少声低而缓慢，说话有气无力样，表情抑郁，愁眉苦脸，有自杀倾向。"
}