{
    "患者": "***，女，21岁。",
    "主诉": "白带增多 5年，腰痛、尿频 5天",
    "现病史": "病人平素月经规律，13岁初潮，经期 7 天，月经周期 30 天，量中，无痛经，末次月经2010-11-07，病人近 5年来，白带量稍多，色偏黄，无明显异味，无外阴疹痒，无腰痛及下腹坠胀，未予重视。 5天前因白带量增多，成脓性，味道重，伴腰痛、尿频到当地医院就诊，妇检提示宫颈重度糜烂,TCT示鳞状上皮炎性反应性改变。给予抗感染及阴道塞药等治疗，效果不佳。现来我院要求进一步治疗。门诊以“宫颈炎”收住院。起病以来，病人精神，食欲，睡眠可，大小便正常，体力、体重无明显改变。",
    "既往史": "平素健康状况良好，有神经性鼻炎，黄疽肝炎病史，有肾结石，无传染病史，预防接种史不详，无外伤及手术史，无输血史，过敏史不详。",
    "个人史": "经常居留地：湖北省武汉市。无吸烟、饮酒及毒品接触史。",
    "婚育史": "未婚未孕。",
    "月经史": "初潮年龄13岁，经期7天，周期30天，末次月经：20 10-11-07，经量正常，经期规律，无痛经。",
    "家族史": "父母身体均健康，无遗传病史。",
    "妇科检查": "阴道通畅，有少许淡红色分泌物，宫颈重度糜烂，肥大，子宫后位，大小正常，质中，无压痛，活动度尚可，双侧附件未触及明显异常。",
    "外院资料": "2010-11-14，当地医院白带常规示：清洁度W，白细胞十十十，滴虫十十； \n2010-11-16，当地医院 TCT 示：炎症反应性改变。"
}