{
    "患者": "唐**，女，48岁。",
    "主诉": "失眠少语一月余，伴消瘦。",
    "现病史": "病人一个月前，无明显诱因出现失眠、少语，有时胡言乱语。家人数次信迷信求神，症状无明显改善。2011-01-26，家属将其送至当地医院，诊断为“分裂样精神障碍”。实验室检查发现白细胞数低（WBC 2. 6 X 109/L)。经治疗后症状有所缓解于2011-01-29出院，治疗具体过程不详。出院时检查白细胞数低（WBC 3. 6X109/L)，出院后未服药。近三日在家中无明显异常表现，今日下午家属再次信迷信，病人受惊吓出现不语、缄默。家属急送我院，门诊以“分裂样精神障碍（待排），白细胞减少”收治入院。发病以来，精神差，体力、体重下降，饮食、睡眠差，大小便一般。",
    "既往史": "平素健康状况良好，无手术外伤史，无传染病史。预防接种史不详，无输血、过敏史。",
    "个人史": "无吸烟饮酒史，无吸毒史。经常居留地：孝感市；地方病地区居住史：无。",
    "月经史": "初潮年龄12岁，经期 5天，周期30天，未绝经，经量正常，无经痛。",
    "婚育史": "孕1，产1，人流0，自然流产0，死产0，小孩身体健康。",
    "家族史": "父母已故，死因不详，家系中无精神病病人。",
    "精神检查": "意识清楚，衣着整洁，抱人病房，目光呆滞，接触差，检查不合作，违拗，思维内容不暴露。未获明显感知觉障碍，病史中有牵连观念。情感平淡。意志行为减退。"
}