{
    "患者": "***，女，45岁。",
    "主诉": "间断性右上腹痛 2 年，咳嗽1周。",
    "现病史": "病人于2009年开始无明显诱因突发右上腹疼痛，向右肩背部放射，无恶心、呕吐，无黄染。 2010年底及今年2月28日再次出现剑突下疼痛，向左侧腹部放射，伴皮肤疹痒感，次日缓解。一周前出现咳嗽，咳白色泡沫痰，无发热。现为求进一步治疗来我院，门诊以“胆囊结石”收人院。起病以来，病人精神可，食欲稍减退，睡眠可，小便如常，发病时常解稀便，体力、体重无明显改变。",
    "既往史": "平素身体健康良好，2岁时行先天性唇愕裂修补术，8岁患风湿性心脏病，治疗后好转，1997年行剖宫产。手术修复先天性唇愕裂，无输血史，过敏史不详。没有去过疫源地的历史。无疫苗接种史。服用过避孕药。",
    "个人史": "经常居住地：武汉。工作职业：个体经营。习惯与爱好：无。地方病地区居住史：无。吸烟史：无。饮酒史：无。毒品接触史：无。",
    "婚育史": "已婚，结婚年龄26岁，配偶健康状况良好，育有一子一女。月经史：初潮年龄 11岁，经期 5 天，周期 28 天，末次月经 2011-03-12，经量正常，无痛经。",
    "家族史": "父亲曾患胆囊结石，母亲体健，子女身体健康。"
}