{
    "患者": "**，女，45岁。、",
    "主诉": "妇科检查发现宫颈糜烂伴经量增多10年。",
    "现病史": "病人于10年前发现宫颈糜烂工度，行局部上药及抗感染治疗，每年行宫颈刮片检查无异常。平素白带无异味，无腹胀、腰痛及接触性出血。于2010-06-08在当地医院行宫颈TCT检查示：非典型鳞状细胞（不排除上皮内高度病变），未行处理，建议来我院就诊。20 10-06-18本院会诊切片：宫颈组织呈中度慢性炎症伴部分鳞状上皮过度角化和中度增生，上皮角延伸，腺上皮鳞状化生，部分鳞状上皮为原位癌累及腺体。起病以来，精神，睡眠，食欲均可，大小便正常，体力、体重无改变。",
    "既往史": "高血压3年，一直口服硝苯地平缓释片20mg,2次／天，倍他乐克（美托洛尔）25mg, 2次／天，阿司匹林缓释片75mg,1次／天。1990年行阑尾炎手术，1996年因阑尾炎术后伤口线头反应排脓再次行切开排脓治疗。1997年行开腹手术。无输血史，对青霉素过敏。否认传染病史，预防接种史不详。",
    "个人史": "经常居留地：鄂州市。无吸烟、饮酒及毒品接触史。",
    "婚育史": "已婚已孕；结婚年龄：18岁，妊娠7次，产2次，自然生产2次，手术产0，自然流产0次。人工流产5次，早产0次，死产0次。配偶健康状况良好。",
    "月经史": "有，初潮年龄12岁，经期6天，周期37天。末次月经：2010-05-22，经量多，痛经无，无经期不规律。",
    "家族史": "父母体健",
    "妇科检查": "外阴无异常，阴道通畅，宫颈肥大（直径达 6cm),且度糜烂，有多个纳氏囊肿，宫颈内口有接触性出血，子宫稍增大，平位，活动度可，双侧附件区未触及明显异常。"
}