{
    "患者": "***，女，56岁。",
    "主诉": "乏力、食欲减退、尿黄10余天。",
    "既往史": "病人十余天前无明显诱因出现全身乏力、食欲下降、小便颜色逐渐加深，伴有恶心、厌油、欲吐、腹胀和全身皮肤疹痒，不发热，亦无明显咳嗽咳痰，于 3 月13 日人住当地市人民医院，查肝功能提示转氨酶和胆红素水平明显升高，予以护肝、降酶、退黄对症支持治疗（具体不详），自觉症状无明显好转，黄疽进一步加深。",
    "个人史": "否认肝炎病史，否认高血压、糖尿病史，当地为血吸虫疫区否认手术外伤史和输血史，否认药物过敏史。",
    "婚育史": "无吸烟饮酒史；无毒品接触史。",
    "家族史": "已婚已孕，结婚年龄：25岁，配偶健康状况：良。自然生产2次，手术产0次，自然流产0次，人工流产0次，早产0次，死产0次。",
    "实验室检查": "查血生化示：丙氨酸转移酶 ALT  609U/L，天门冬氨酸转移酶 AST 589U/L，碱性磷酸酶 ALP 207U/L, 7一谷氨酞转移酶 GG'I件 84U/L，白蛋白 ALB 令30. 8g/L，总胆红素 TBIL 360. 0tmo1/L，直接胆红素 DBIL 309. 71imo1/L, TC 令2. 57rnxno1/L；尿常规提示胆红素 BIL 阳性（十十十）;B 超显示：腹水、胆囊壁水肿、胆囊息肉、胆道系统未见梗阻；甲、乙、丙、丁、戊肝标志物均阴性；上腹部 CT 检查提示胆囊炎和胆囊增大。"
}