{
    "患者": "***，男，26岁。",
    "主诉": "车祸伤后1小时余。",
    "现病史": "病人今晨5点不幸发生车祸，当时昏迷，约20分钟后醒来，头痛明显，右侧腰背部疼痛剧烈，全身多处软组织损伤，无呕吐，神志清楚。",
    "既往史": "平素健康状况良好，无特殊疾病史，否认“乙肝、结核”等传染病史，无手术外伤史，无输血史，过敏史不详，预防接种史不详。",
    "个人史": "经常居留地：黄冈市。地方病地区居住史；无。吸烟史：平均20支／日，时间7年，未戒烟。饮酒史：无。毒品接触史：无。其他：无。",
    "婚育史": "已婚；结婚年龄：24岁；配偶体健。",
    "家族史": "无家族性遗传性疾病史及传染性疾病密切接触史，父母体健。",
    "辅助检查": "CT 示右侧顶后头皮血肿；腰椎平片和胸片均未明显异常。"
}