{
    "患者": "***，男，31岁。",
    "主诉": "便血14小时伴呕血数次。",
    "既往史": "病人自诉前天大量喝酒（半斤白酒，3瓶啤酒），打篮球剧烈运动后感上腹不适，有恶心症状，于今日上午 9时解黑色稀水样便一次，量较多，具体不详，于下午 7时呕吐数次，为咖啡色样物，不含血凝块，量约 50m1，当晚 9:30 解暗红色血便一次，量约400m1，感心慌、头晕、上腹烧灼痛、恶心，呕吐咖啡色样物数次，不含血凝块，量较多，具体不详，急送我院，急诊以“上消化道出血”收人我科。起病以来，精神、睡眠、食欲欠佳，大便如上所述，小便正常，体力下降，体重无明显改变。",
    "个人史": "于1992年因先心病在当地医院行手术治疗，2008年 3月有胃出血史，一周前因睡眠质量差开始服用中药治疗，否认高血压、糖尿病、肝炎、结核等病史，否认外伤史、药敏史。",
    "婚育史": "有吸烟史，平均20支／日，时间3年，未戒烟；有饮酒史，平均 5两／日，时间 3个月，未戒酒；无毒品接触史。",
    "家族史": "已婚；结婚年龄:30岁；配偶健康情况；良。",
    "辅助检查": "血常规示: WBC 10. 3 X 109/L, Hb 133g/L，肝肾功能电解质示: 尿素14. 70mmo1/L,PT( 一 ) ,APTT(一 )"
}