{
    "患者": "**，男，1岁。",
    "主诉": "发热4天。",
    "现病史": "患儿 4 天前无明显诱因出现发热，体温最高 40. 2C，偶咳，无吐泻，无抽搐， 外院输液治疗 3 天（具体不详），未见好转。起病以来， 患儿精神、睡眠、食欲欠佳，大小便可，体力略下降。",
    "既往史": "患过支气管炎。",
    "个人史": "第一胎，第一产，出生时体重 3. 4kg；足月出生，无窒息；剖宫产；母孕期情况良好；人工喂养，添加辅食4 个月；母乳期营养健康状况一般；抬头 3 月，坐 6 月，走 12 月，萌牙 7 月；饮食正常，睡眠正常，无异常习惯。",
    "辅助检查": "2011-01-31，省妇幼血常规：WBC15.05*10^9/L,N 57.6%,L 27.4%,M 14. 2%,RBC 4. 42*10^12/L,Hb 120g/L,PLT 258*10^9/L. 2011-02-02，省妇幼胸片：两肺纹理模糊、粗糙。 2011-02-02，本院门诊 C 反应蛋白 CRF 135. 7mg/L，大便潜血阳性，心脏彩超未见明显异常。"
}