{
    "患者": "**，男，72岁。",
    "主诉": "胸痛4天。",
    "既往史": "病人4天前无明显诱因出现胸痛不适，位于心前区，呈压榨感，无大汗、呕吐等不适，休息后缓解。昨日胸痛加重，遂送人我院急诊治疗，诊断为“急性心肌梗死”，并行抗凝，抗血小板，溶栓、降脂，扩管，护胃等治疗。今为进一步治疗，由急诊转人院治疗。起病以来，精神差，睡眠欠佳，食欲尚可，大小便正常！体力减弱，体重无明显改变。",
    "个人史": "有多年糖尿病史，一直服用达美康（格列齐特）。无手术外伤史，无药物过敏史，无输血史。",
    "婚育史": "经常居住地：武汉。吸烟史：有，平均10支／天，时间15年，未戒烟。饮酒史：无。地方病地区居住史：无。婚姻史：已婚；结婚年龄：23岁，配偶健康状况良好，育有三子。体格检查：Bp 120/72rnmHg,R 16次／分，P 92次／分，T 36. 2C。神清，精神可，查体合作。全身皮肤赫膜无黄染，双肺呼吸音清，未闻及干湿哆音。心率92次／分，律齐，无杂音。腹软，全腹无压痛反跳痛，双下肢无水肿。辅助检查；于2011-02-01在本院ECG提示：广泛前壁心肌梗死。初步诊断：1．冠心病，急性前壁心肌梗死；2. 2型糖尿病。",
    "辅助检查": "于 2011-02-01在本院 ECG 提示：广泛前壁心肌梗死。"
}