{
    "患者": "**，女，26岁。",
    "主诉": "孕九月余，不规则腹痛 5天，阴道流水4小时。",
    "现病史": "病人末次月经：2009-10-15,11月上旬自测尿妊娠试验阳性，孕四月余中国人民解放军161医院B超提示宫内孕，胎儿存活。孕早期恶心、呕吐反应较轻。 2月 28 日始觉胎动，至今良好。孕早期无阴道流血，无腹痛，无药物及放射性物质接触，孕期中感冒3 次，未治疗自行好转。孕晚期无头晕及眼花等不适。孕 8月出现恶心及呕吐不适，至今未消失。 6月中旬出现双下肢水肿，休息后无改善。孕程中规律产检。近 5 天来下腹不规则腹痛及腹胀，今晨4点出现阴道流水，色清亮，量少，呈间断性，6 点阴道少量出血，色淡红，遂来我院，门诊以“孕 2 产0孕 39十1周头位，胎膜早破，先兆临产”收人院。起病以来，精神，睡眠，食欲好，大小便正常，体力稍下降，体重生理性增加。",
    "既往史": "平素健康状况良好，无疾病史，无传染病史，无预防接种史，无外伤及手术史，无输血史，无药物过敏史。无吸烟饮酒史。",
    "婚育史": "结婚年龄：26岁，孕 2 次，产0次，自然流产0，人工流产1次，顺产0，阴道助产0，剖宫产0。配偶健康状况良好。产前检查开始时间：2010-02-02，产前检查共 6 次。",
    "月经史": "初潮年龄13岁，经期3天，周期22天，末次月经：2009-10-15，经量正常，有痛经，经期规律。",
    "家族史": "父亲患有高血压，口服药物治疗。母亲体健。",
    "产科检查": "腹围：97cm，宫高：31cm，胎方位：头位，胎心：130 次／分；先露：半定；骨盆外测量（cm)：棘间 26,岭间 29,骸耻外径 19；坐骨结节间径：9cm；宫颈评分：3 分；高危评分：0 分；宫口未开，宫颈管消失约 70%，胎膜已破，羊水清亮，PH试纸（十）",
    "门诊资料": "2010-02-03 中国人民解放军 161 医院，血型“A\" , RHD“十”;2010-02-04 中国人民解放军 161医院，输血前四项均为阴性；2010一07-05 湖北省人民医院，B 超，晚孕，头位，单活胎，脐带绕颈一周。"
}