{
    "患者": "***，女，56岁。",
    "主诉": "发现左肾萎缩5 年。",
    "既往史": "病人5年前体检时发现左肾萎缩（未见报告单），无腰痛，无尿频尿急尿痛等不适，未予重视，2009-09-15在当地中心医院行双肾B超示左肾萎缩（左肾大小约6. 0cmX3. 9cm)，右肾囊肿；3天前在本院行双肾B超示右肾囊肿并钙化灶，左肾萎缩（左肾大小约5. 2cmX2. 7cm)，为进一步诊治，门诊以“右肾囊肿，左肾萎缩原因待查”收人院。起病以来，精神、睡眠、食欲可，大便正常，夜尿1'-2次／晚，体力、体重无改变。",
    "婚育史": "有高血压病史 20年，血压最高达180/100mmHg，口服fl引达帕胺降压，否认心脏病史，否认结核、肝炎病史，否认药物过敏史。",
    "月经史": "已婚；结婚年龄：23岁；配偶健康状况：良。",
    "家族史": "初潮年龄：13岁；经期：5天；周期：28天；末次月经：1995-06-20.经量；正常；痛经：无；经期不规则：无；绝经时间：19 95-07-20。",
    "辅助检查": "2009-09-15，当地中心医院双肾B 超示左肾萎缩（左肾大小约6. 0cmX3. 9cm)，右肾囊肿；2009-09-17，尿常规示正常，肾功能示：尿素氮6. 8mmol/L，肌配72. 61imo1/L0 2010-10-16，本院行双肾B超示右肾囊肿并钙化灶，左肾萎缩（左肾大小约5. 2cmX2. 7cm)."
}