{
    "患者": "***，男，16岁。",
    "主诉": "体检发现心律失常半月余。",
    "既往史": "病人近半月前因人伍体检发现心律失常，以室早为主，病人诉无明显黑朦、晕厥、呕吐、大汗等。追问病史，病人诉近一年来活动剧烈后有心慌、头痛、头晕症状，无胸痛、晕厥。在家未作特殊处理，今为求进一步诊治来我院，门诊以“心律失常，频发室性期前收缩”收人我科。起病以来，精神、睡眠、食欲尚可，大小便未见明显异常，体力、体重未见明显异常。",
    "个人史": "无特殊病史，否认高血压、糖尿病及药物过敏史。",
    "婚育史": "无吸烟饮酒史；无毒品接触史。",
    "家族史": "未婚。",
    "辅助检查": "2010-11-12 当地医院长程心电图示：频发室性期前收缩。2010-11-16 我院T3:1. 35ng/ml T4:7. lug/di TSH:2. 518U1U/ml；超敏肌钙蛋白 I 0.001ng/ml."
}