{
    "患者": "***，女，39岁。",
    "主诉": "腰腿酸胀1年半，发现右附件包块1年。",
    "现病史": "病人约1年半前出现腰骸部及大腿酸胀，月经期加重，同房时疼痛，于外院检查发现宫颈炎，行宫颈leep术后月经量减少为原来的一半，腰腿酸胀仍未缓解，后行B超检查发现右侧附件区囊肿，未予特殊治疗。近日门诊复查彩超发现囊肿较前明显增大，无明显腹痛，无月经改变，现为进一步治疗人我院，以“子宫内膜异位症，右侧卵巢异位囊肿”收人院。起病以来，病人精神，食欲可，睡眠差，大小便正常，体力、体重无变化。",
    "既往史": "平素健康状况良好，2010 年 4 月查出有隐匿性肾炎，在我院进行抗感染治疗。失眠 10 年，经常口服舒乐安定（艾司哇仑）片，2009 年 4 月因宫颈炎外院行宫颈leep术。无传染病史，预防接种史不详，无手术及外伤史，无输血史，无药物过敏史。",
    "婚育史": "已婚已孕；结婚年龄：24岁。妊娠4次，产1次，自然生产1次，手术产0 次，自然流产0次，人工流产 3 次，早产0 次，死产0次。配偶健康状况良好。",
    "月经史": "初潮年龄13岁，经期 3 天，周期 30 天，末次月经：2010-11-15，经量少，有痛经，无经期不规则。",
    "家族史": "父母体健，无家族遗传病史。",
    "门诊资料": "我院门诊彩超（2010-11-02)，子宫后壁增厚，约 2. 5cm，回声减低，回声分布不均，内膜显示清晰，前移，厚约 0. 7cm，宫腔内未见明显局限性异常回声，右侧附件区可见一 4. 7cmX3. 4cm 的无回声区，周边清晰，左侧附件区未见明显局灶性异常回声。超声提示：符合子宫腺肌症声像图改变，右侧盆腔囊性包块。"
}