{
    "患者": "***，女，25岁。",
    "主诉": "怕热、多汗、多食伴乏力、双眼球突出半年七",
    "既往史": "病人半年前自觉怕热、多汗，伴紧张焦虑，脾气暴躁，性格改变，另有双下肢乏力，双手抖动，双眼球肿胀不适，食欲较以前稍亢进，体重下降约10kg，但无大便频繁、稀便，无畏光、流泪、复视、斜视等浸润性突眼，无胫前赫液水肿，一直未行治疗，今为明确诊断前来我院就诊。起病以来，精神一般，睡眠差，食欲亢进，大小便如常，体力下降，体重下降约10kg,",
    "个人史": "无特殊既往史；药物过敏史：青霉素，临床变现：全身发疹；疫苗接种史不详，无输血史。无吸烟饮酒史；无毒品接触史。",
    "婚育史": "已婚，结婚年龄：24岁，配偶健康状况：良。",
    "月经史": "初潮年龄：14岁；经期：5天；周期：28天。经量：正常；痛经：无；经期不规则：无。",
    "家族史": "无家族性遗传病及传染病人密切接触史；父亲体健；母亲体健。"
}