{
    "患者": "***，男，22岁。",
    "主诉": "胸部刀刺伤2小时。",
    "现病史": "病人两小时前因争执被人用刀刺伤右侧胸部，当时无昏迷，自觉胸痛、胸闷，无头晕、头痛，无恶心、呕吐。起病以来，精神一般，睡眠可，食欲可，大小便正常，无体力、体重改变。",
    "既往史": "平素健康状况良好，各系统无均无特殊病史，否认“乙肝、结核”等传染病史，无手术外伤史，无输血史，无过敏史，预防接种史不详。",
    "个人史": "经常居留地：黄冈市。无地方病地区居住史。吸烟史：无。饮酒史：无。毒品接触史：无。其他：无。",
    "婚育史": "未婚。",
    "家族史": "无家族性遗传性疾病史及传染性疾病密切接触史，父母体健。",
    "辅助检查": "x线示：1．右侧气胸，右侧肩部软组织内积气；2．右下肺创伤性湿肺可能；3．右侧肺底积液可能。"
}