{
    "患者": "***，女，63岁。 ",
    "主诉": "车祸后会阴部疼痛不适五小时余。 ",
    "现病史": "病人 5小时前被车撞倒，当即感会阴部疼痛不适，无恶心、呕吐等不适，后被人送至我院急诊，拍x片提示“左侧耻骨骨折，腰椎后缘连线欠整齐”。 起病以来，病人精神差，食欲、睡眠一般，大小便正常，体力下降，体重无明显改变。 ",
    "既往史": "平素健康状况良好，否认“高血压、糖尿病”等疾病史，否认“乙肝、结核”等传 染病史，无手术外伤史，无输血史，过敏史不详，预防接种不详。 ",
    "个人史": "经常居留地：黄冈市。 地方病地区居住史：无。 吸烟史：无。 饮酒史：无。 248 、 毒品接触史：无。 其他：无。 ",
    "婚育史": "已婚已孕；结婚年龄25岁，妊娠2 次，自然生产2次，配偶体健。 月经史：有。16岁，经期4天，周期28天，末次月经1999-01-01，经量正常，痛经有，经 期不规则无。 ",
    "家族史": "无家族性遗传性疾病史及传染性疾病密切接触史，父母已故，死因不详。",
    "辅助检查": "x片示“左侧耻骨骨折，腰椎后缘连线欠整齐”；门诊腰骼椎+骨盆+双下 肢正侧位片示：左侧耻骨骨折、腰椎后院连线欠整齐。"
}