{
    "患者": "**，男，65岁。",
    "主诉": "阵发性上腹痛 4天。",
    "现病史": "病人于4天前进食较多肉制品后出现上腹部阵发性疼痛，无明显时间发作规律，无恶心、呕吐，无反酸、暖气等症状。大便不畅，自诉服用“果导（酚酞）”药物后解少量带黄色颗粒样便。后再未解大便，肛门停止排气，伴乏力。起病以来，精神好，睡眠好，食欲好，小便正常，体力、体重无明显改变。",
    "既往史": "否认慢性病史，否认传染病史，否认外伤手术史，否认药物过敏史。接种过乙肝疫苗。无输血史，有献血史。",
    "个人史": "经常居住地，武汉。职业：工人。习惯与爱好：没有特殊爱好。地方病地区居住史：无。吸烟史：无。饮酒史：无。吸毒接触史：无。其他：无。",
    "婚育史": "已婚已育；结婚年龄：24岁，配偶健在，育有四子。",
    "家族史": "无家族性遗传病及传染病密切接触史，父母已故，均死于脑出血。",
    "辅助检查": "我院腹部平片示：双侧肋隔角锐利，膈下未见明显游离性气体，腹部见部分肠腔积气扩张影，积气肠管扩张并可见多个气液平面，左横隔上抬，考虑肠梗阻。腹部超声提示肠间隙少量积液。心电图示窦性心律及轻度左心电轴偏转。血常规示中性粒细胞 83.5%，淋巴细胞 10. 9%;D-二聚体 0. 371mg/L. 2011-O2-02，血常规示，中性粒细胞 85.0%,淋巴细胞 8.4%。血清生化检查：总蛋白 TF 51. 8g/L，白蛋白 ALB 26. 8g/L, A/G 1.07, 葡萄糖 GLU 9. 92mmo1/L, 钾 K 3. 34mmo1/L, 钙 Ca 2. O4mmol/L,磷 P 0. 76mmo1/L, 2011-02-06，腹部超声示：肠管轻度扩张，肠蠕动减弱。"
}