{
    "患者": "**，女，56岁。 ",
    "主诉": "外伤后右肘肿痛伴活动受限2天。 ",
    "现病史": "病人于2天前晚上散步时不慎摔倒，右手着地，当即感右肘部疼痛，伴活动受限，右腕部掌侧癖青，腕部活动可，于昨日在武警湖北总医院就诊拍片示“右肪骨裸间骨折”，现为求进一步诊治来我院。起病以来，精神、睡眠可，食欲可，大小便正常，体力、体重无明显改变。 ",
    "既往史": "无特殊病史。预防接种史不详，手术史：40余年前行阑尾切除术，无外伤、输血史，过敏史不详。 ",
    "个人史": "经常居住地：武汉；吸烟史：无；饮酒史：无。 ",
    "婚育史": "结婚年龄：27岁；配偶健康状况：差，中风。 月经史：有，初潮15岁，经期 4 天，周期 28 天，已闭经，闭经日期 2001-12-05，经量正常，有痛经及经期不规则。 ",
    "家族史": "父：已故，死因：不详。母：已故，死因：不详。兄弟姐妹、子女身体健康，无家族性遗传疾病。",
    "辅助检查": "血常规：WBC 7.8*10^9/L,HGB 109g/L, HCT0. 336L/L, CRP14. 8mg/L. 2011-03-17 *** 医院示：右肱骨髁间骨折。"
}