{
    "患者": "***，女，53岁。",
    "主诉": "车祸后左小腿肿胀疼痛4小时余。",
    "现病史": "病人4小时前不慎被摩托车撞伤，当即感左小腿疼痛，肿胀，不能行走。起病以来，病人精神差，未饮食及睡眠，小便正常，大便未解，体力、体重无明显改变。",
    "既往史": "平素健康状态良好，无传染病史，无手术外伤史，无输血史，无过敏史。",
    "个人史": "无吸烟饮酒史，无毒品接触史，居住地：仙桃。",
    "婚育史": "已婚，结婚年龄24岁，配偶健康状况良好。月经史：初潮年龄15岁，经期 7天，周期 30天，已闭经，绝经时间2010-06-08。",
    "家族史": "父亲死因不详，母亲健在，无家族遗传病史。",
    "辅助检查": "：仙桃市人民医院 2011-02-02 左胫腓骨多段骨折，右内踝骨折。"
}