{
    "患者": "***，男，48岁。",
    "主诉": "间断解黏液便1个月余。",
    "现病史": "病人诉1个月前开始间断出现解豁液便，每天解 3,5次，无肉眼血便，与正常大便交替。无腹痛、腹胀，无恶心、呕吐，无发热、畏寒等不适。自起病以来，病人精神、睡眠、食欲正常，大便如上述，小便正常，体力、体重无明显改变。",
    "既往史": "平素健康状况良好，糖尿病史 3 年，1994年查出乙肝“小三阳”，无手术外伤史，无输血史，过敏史不详，预防接种史不详。",
    "个人史": "经常居留地：武汉市。地方病地区居住史：无。吸烟史；有，平均2支／次，时间 30年，未戒烟。饮酒史：有，平均2两／天，时间三十余年，未戒酒。毒品接触史：无。其他：无。",
    "婚育史": "已婚；结婚年龄：29岁，配偶健康状况良好。",
    "家族史": "无家族性遗传性疾病史及传染病人密切接触史，父母已故，自然死亡。",
    "辅助检查": "：门诊大便常规潜血（十），当地医院结肠镜示：直肠肿块。人院大便常规；镜检 WBC（十），镜检 RBC（十），潜血（十十），血红蛋白（十）。尿常规；GLU（十）, KET（十）,WBC 个 33. 5 个／U，上皮细胞 EC 31. 7 个／U。血常规；NEUT% 81.7%, LYMPH% 8. 8％。中下腹十盆腔 64 排 CT 平扫十增强十三维重建：乙状结肠下段至 直肠占位性病变。HBV：小三阳，HCV/HIV／梅毒阴性。血生化；TBIL 22. 4mmol/L, DBIL 7. 2mmo；/L,GLU 6.1 lmmol/L,TC 2. 94mmo1/L,癌胚抗原 CEA 19. 78ng/m1;凝血功能正常。"
}