{
    "患者": "*** ，男，71岁。",
    "主诉": "寒战后短暂昏迷及腹泻、腹痛伴食欲减退20余天。",
    "现病史": "病人20余天前，因进食可疑肉食，夜间突发寒战，无咳嗽、咳痰，体温不详。后出现短暂意识障碍，昏迷时间不详。神志清醒后，发现腹泻，排泄物为黑色稀便，有腐臭气味，量约200g，未诊治。近20天来，病人时感腹部隐痛，不能准确定位，烧灼感，伴恶心，平卧时可减轻，伴食欲减退。数次低热，体温 38℃左右。无腹胀、无反酸、无呕吐、无便血，无咳嗽、咳痰。于当地医院诊治为胃炎，给予抗感染及营养支持治疗，疗效不佳。病人自患病以来，精神差，食欲下降，睡眠差，大小便尚可，体力、体重无明显下降。",
    "既往史": "平素健康状况较差，胃痛、腰痛多年，具体情况不详，否认“乙肝、结核”等传染病史，无手术外伤史，无输血史，无药物过敏史，预防接种史不详。",
    "个人史": "经常居留地：麻城市。地方病地区居住史：无。吸烟史：无。饮酒史：无。毒品接触史：无。其他：无。",
    "婚育史": "已婚；结婚年龄：26岁；配偶健康状况：差，有冠心病。",
    "家族史": "无家族性遗传病史及传染病人密切接触史。 父亲已故，死因不详。 母亲已故，死因不详。 其他：无。",
    "辅助检查": "KVB十IVF:1．左肾多发结石？2‘左侧输尿管下段结石可能；3．右肾囊肿。腹部平片：未见异常。超声：1．左侧输尿管中段结石伴左肾积水；2．左肾结石；3．右肾囊肿。血培养：培养未生长。"
}