{
    "患者": "***，男，12岁。",
    "主诉": "面色苍白10余天，发热 2天。",
    "现病史": "患儿10余天前发现面色苍白并出现头昏，头昏可自行缓解，伴阵发性咳嗽，有痰，可咳出，约 5天前出现恶心，今天出现呕吐，呕吐物为胃内容物。 2 天前出现发热，最高为39C，患儿感眼睛发胀约 3天，无腹泻。自起病以来，患儿精神欠佳，食欲一般，睡眠尚可，大小便正常，体力、体重无明显变化。",
    "既往史": "既往体健，否认传染病史，无手术外伤史，曾按计划接种，无输血史，无过敏史。",
    "个人史": "",
    "出生史": "第 5胎，第 5产，出生时体重 3. 5kg;",
    "出生时情况": "足月；窒息：无。",
    "生产情况": "自然生产。",
    "母孕期情况": "好。",
    "喂养史": "母乳喂养；添加辅食时间：14 个月。",
    "生长发育史": "抬头 3月，坐 6月，萌牙7月。",
    "说话时间": "12个月。",
    "生活习惯": "饮食正常，睡眠可。",
    "出生地": "恩施。",
    "现居地": "恩施。",
    "家族史": "父母婚配：非近亲。家庭成员：父母，4个哥哥姐姐，身体均健康；家族成员无传染病史，无遗传代谢病史，家庭成员无类似病史。",
    "社会史": "居住地无流行病及地方病，居住环境正常，学校环境较好，现上初中一年级，走读，和同学相处融洽。家庭和睦。",
    "辅助检查": "门诊血常规：WBC 2.7 X 10^9/L, NEUT7. 8%, LYMPH 90.3%, MONO:1. 5%,HGB44g/L,PLT 5X10^9/L."
}