{
    "患者": "***，男，35岁。",
    "主诉": "呕血、黑便1天。",
    "现病史": "病人1天前无明显诱因出现呕血2次，每次量约 lOOmi，前一次为黑色物体，后一次为鲜红色液体。伴黑便，呈柏油样便，量约 lOOmi，大便稀，之后又反复解黑便 5次，量共约700 ml，伴头晕、心慌、出汗，无腹痛、腹胀、恶心、呕吐。起病以来，精神差，睡眠差，食欲差，大便如上述，小便增多，体力无明显改变，体重减轻。",
    "既往史": "平素健康状况一般，有食欲亢进、多尿、明显消瘦。否认乙肝、高血压、糖尿病、心脏病等病史，无预防接种史，无传染病史，手术史：二十多年前行脾切除术。无外伤史，无输血史，无过敏史。",
    "个人史": "经常居留地：广东省，无吸烟、饮酒及毒品接触史。",
    "婚育史": "已婚，结婚年龄：27岁。配偶体健。",
    "家族史": "无家族性遗传病史及传染病人密切接触史，父母均患有高血压。"}