{
    "患者": "关，男，19岁。**高中学生，病人自述病史，可靠。",
    "主诉": "做事反复思考，自知不必但仍反复想，痛苦紧张三年余。",
    "现病史": "病人16岁人高中后因学习日渐紧张，对兼任学生干部社会活动多、影响学习有顾虑，既怕担任学生干部耽误前程，又怕不担任学生干部辜负老师，冥思苦想，难以决断。每每晚上下决心，但次日起床后又动摇了，无休无止，心情烦躁，全身倦怠，学习成绩下降。自感问题严重，于是强迫自己学习，规定每日早晨4点起床，夜12点就寝。但常手捧书本，思想却云游四方。自称“该记的记不住，该忘的忘不了”。后发展至关灯锁门均需几次验证是否有误；书桌衣箱要清理再三，以防失落物件，自感多余，但非如此不得安心。再后来，病人自觉病情发展，有时明知是坏事，也想去做，常常担心自己会做出违法乱纪的事情，毁了前程。 3年来一直处于痛苦、追悔、紧张、无奈之中。主动来院要求医生给予帮助，叮嘱医生予以保密。门诊以“强迫症”收人院。起病以来，食欲睡眠较前差，大、小便正常。体力、体重尚无明显变化。",
    "既往史": "否认高血压、糖尿病史，否认心脏病史，无肝炎、结核病史，无食物、药物过敏史，12 岁做包皮环切术，余无特殊。",
    "婚育史": "未婚。",
    "家族史": "父母身体健康，否认家族特殊遗传病及类似病史。",
    "个人史": "出生和居住都在本地，否认疫区接触史，无吸烟、饮酒及其他不良嗜好。",
    "实验室检查": "门诊检查血常规、尿常规、肝功能、心电图、脑电图结果均在正常范围内。",
    "神经系统检查": "神志清楚，双侧瞳孔直径 3mm，光反射存在，眼球运动正常，无舌面瘫，咽反射正常，颈软无抵抗，克布氏征阴性，四肢肌力、肌张力正常，腿反射等存在，无病理征，腹壁反射灵敏，感觉无减退。双侧轮替运动及指鼻试验正常，龙贝格征阴性。",
    "精神检查": "病人自己步人病房，意识清晰，表情略显痛苦，接触良好，吐词清晰，对答切题，语言表达良好，情感反应适度，无思维障碍。"
}