{
    "患者": "病人，***，男，22 天。",
    "主诉": "皮肤黄染 20 天。",
    "现病史": "患儿生后第 3 天开始出现皮肤黄染，呈进行性加重，第 15 天后在当地医院治疗（光疗、白蛋白等），黄疽较前有所下降，但皮肤黄染仍较明显，今日遂来我院，门诊经皮测黄疽示 11. 2mg/di。起病以来，吃奶尚可，时有吐奶，大便色黄，小便量可，体力、体重尚可。",
    "出生史": "第 1 胎，第 1 产，出生时体重 3kg。出生时情况：足月；窒息：无。 生产情况：自然产。 母孕期情况：好。",
    "喂养史": "混合喂养；开奶时间：出生后 1 小时内。",
    "预防接种史": "接种乙肝疫苗、卡介苗、乙肝免疫球蛋白。",
    "家族史": "无家族性遗传病及传染病人密切接触史；父亲年龄：31 岁，健康状况：健康。血型:O型，Rh 不详；母亲年龄：28 岁，健康状况；疾病史：曾患乙肝；血型:ABO 不详，Rh不详",
    "辅助检查": "血生化：丙氨酸转移酶 ALT 14U/L；天门冬氨酸转移酶 AST 43U/L；总胆汁酸 TBA 26. 7uno1/L；碱性磷酸酶 ALP 241U/L; gamma一谷氨酞转移酶 GGT 个 99 U/ L；总胆红素 TBIL 178. 1umol/L；直接胆红素 DBIL 17. 61umo1/L；三大常规未见明显异常；输血前全套：乙型肝炎病毒表面抗体 HBsAb 阳性 145. 311J/L; TORCH 巨细胞病毒抗体 IgG CMV-G 阳性;2 月 4 日，复查生化：总胆汁酸 TBA 21. 6umo1/ L；碱性磷酸酶 ALP 个 229U/L; gamma-谷氨酞转移酶 GGT 个 133U/L；总胆红素 TBIL 个 58. 7jimol/L；直接胆红素 DBIL 个 22. 3umol/L；血型：0 型，Rh(D）阳性，不规则抗体阴性"
}