{
    "患者": "**，女，14岁。",
    "主诉": "间断发热、头痛 10天，伴神志不清 2天。",
    "现病史": "病人于本月 8 日左右“感冒”，伴头痛、发热，最高 39C，无恶心、呕吐，自服退热药物后（具体不详），上述症状明显好转。15 日病人出现精神差、发热（38. 5C)、头痛，自服口服药物（具体不详）,16 日下午 6 时左右，病人出现神志不清，双下肢偶有抽动，无发热，急至当地医院诊治，给予头部CT..腰穿等检查，病人症状无好转。起病以来，病人神志不清，进食差，持续导尿，大便未解，体力下降，体重无明显改变。",
    "既往史": "无特殊病史，无预防接种史，无手术外伤史，无输血史，无过敏史。",
    "个人史": "久居武汉，无疫区、疫水接触史。",
    "月经史": "初潮年龄12岁，经期 7 天，周期 28 天，末次月经 2011-6-25，经量正常，无痛经，经期规则。",
    "家族史": "父母体健。无家族遗传病史。",
    "辅助检查": "外院头部CT：右侧大脑半球脑沟显示不清；腰穿提示：TB-Ab（十），总细胞数＞1. 3X109/L，总蛋白0. 3g/L，糖 3. 4mmol/L,氯水平正常。血红蛋白83g/L."
}