{
    "患者": "**，女，31岁。",
    "主诉": "间断腹痛 6 年，加重1周。",
    "现病史": "病人6 年前药物流产后出现间断下腹胀痛，月经前后腹痛明显加剧，行抗感染、对症处理后腹痛稍好转，6年来反复发作，近1周来感腹痛明显加剧，难以忍受，影响生活质量，曾在我院行HSG检查提示双侧输卵管积水，今来我院，门诊以“双侧输卵管炎”收住人院。起病以来，病人精神，食欲，睡眠好，大小便正常，体力、体重无明显改变。",
    "既往史": "平素健康状况良好，无高血压、冠心病、糖尿病等病史，无传染病史，预防接种史不详。无手术及外伤史，无输血、过敏史。",
    "个人史": "无吸烟、饮酒等不良嗜好，无毒品接触史。",
    "婚育史": "25岁结婚，一直未孕，配偶健康状况良好。",
    "月经史": "初潮年龄15岁，经期4天，周期28天，末次月经：2011-03-12，经量正常，无痛经，月经周期规律。",
    "家族史": "父母均健在，身体健康，无家族遗传病史。",
    "妇科检查": "外阴已婚型，阴道通畅，宫颈光滑，子宫后位，大小正常，质中，无压痛，未触及包块；子宫两侧可触及增粗的输卵管，呈索条状，并有轻压痛；双侧附件区未触及异常包块。",
    "门诊资料": "门诊输卵管造影提示：双侧输卵管积水。"
}