{
  "姓名": "张三",
  "年龄": "66岁",
  "性别": "男",
  "现病史": "病人十余天前受凉后出现胸闷、呼吸困难，活动后明显，伴有咳嗽，多为阵发性干咳，有发热，无咯血、胸痛、夜间阵发性呼吸困难及双下肢水肿，病后病人曾在当地医院抗感染等治疗3天，病状无明显好转，药物为头孢类。近日呼吸困难等症状进行性加重，夜间不能平卧，今为求进一步诊治，来我院就诊，门诊以“肺部感染”收入院。",
  "既往史": "平素健康状况良好，有“高血压”病史10年，否认“乙肝、结核”等传染病史，无手术外伤史，无输血、过敏史，预防接种史不详。",
  "个人史": "经常留居地：武汉；吸烟史：无；饮酒史：有，平均2两/天，时间四十余年，未戒酒；毒品接触史：无",
  "婚育史": "已婚；25岁结婚；配偶健康状况良好，育有一子一女",
  "家族史": "无家族性遗传性疾病史及传染病人密切接触史。父母体健，子女体健。",
  "入院前检查结果": "肺部CT: 双肺大面积感染性病变，双侧胸腔积液，右侧中少量，左侧少量；血常规: WBC 9.73*10^9/L，NEUT% 85%，LYMPH% 6.7%；心电图: 窦性心动过速，前壁T波改变。",
  "入院后的检查结果": "血常规: NEUT% 81.3%, LYMPH% 9.7%, ESR 41.00mm/h, CPR 56.9mg/L；肝功能: ALT 88.3U/L,AST 52.8U/L, TP 51.8g/L, ALB 28.2g/L, GLU 9.45mmol/L, Na 132.3 mmol/L, PCT 0.12; 尿潜血: 痕量(+/-)；BNP、大便常规正常。呼吸道病源体 IgM 均为阴性。心电图：窦性心律，心电轴轻度左偏，R波上升不良。心脏彩超：符合高血压心脏病改变，二尖瓣后膜脱垂伴轻度关闭不全。"
}
