{
    "患者": "陈**，男，70岁。",
    "主诉": "右侧胸痛1个月余，加重1周。",
    "既往史": "病人近1个月来反复感右侧胸痛，近1周症状加重，伴咳嗽、咳痰，痰中偶尔带血，伴有持续性低热，在当地医院行CT提示：右侧肺内占位病变，累及胸膜，为求进一步诊治遂转我院。起病以来，精神一般，睡眠、食欲尚可，大小便如常，体力、体重无明显改变。",
    "个人史": "平素健康状况良好，有高血压，长期咳嗽、咳痰，偶有发热症状，声音嘶哑，肩部有疼痛。无传染病接触史，无手术外伤史，无药物过敏史。无疫苗接种史，无输血史。",
    "婚育史": "长期居住地：武汉。地方病居住史：无。职业：以前是烟厂工人，现已经退休。有吸烟史，平均20支／日，时间40年，已戒烟，时间：10年。习惯与爱好：无。无饮酒史。无毒品接触史。",
    "家族史": "已婚；结婚年龄：28岁，配偶健康状况良好，育有一子一女。",
    "门诊资料": "当地医院 CT 提示：右侧肺内占位病变，累及胸膜。超声显示：双侧胸腔积液。"
}