{
    "患者": "***，女，35岁。",
    "主诉": "乏力，间断发热3个月。",
    "既往史": "病人3月前无明显诱因出现头昏乏力。活动后心慌气短。发热，体温 38C左右，不伴有咳嗽、咳痰，腹痛等症状。曾于当地人民医院就诊，经骨髓细胞及活组织检查等诊断为重型再生障碍性贫血，给予赛斯平，安特尔（十一酸肇酮）等药物治疗。病人近 3个月来间断发热，近十余天持续发热，且逐渐升高，全天持续发热，最高体温 39C，经院外各种抗生素治疗疗效不佳，为进一步诊断和治疗就诊于我院，门诊以“重型再生障碍型贫血”收住院。自起病以来，精神一般，睡眠差，食欲不佳，大小便无明显异常，体力下降，体重无明显变化。",
    "个人史": "既往体健，各系统无明显改变，无传染病史，无手术外伤史，无预防接种史，无输血史，无药物过敏史。",
    "婚育史": "出生于湖北，经常居留武汉市，工作环境较好，无地方病地区居住史，不嗜烟酒，无毒品接触史。",
    "家族史": "已婚，结婚年龄26岁，有一次流产史，无生产史，配偶体健，夫妻相处融洽。、月经史：初潮年龄14岁，经期 5 天，末次月经 2011-02-04，周期 30 天，未绝经，无痛经，无经期不规则史，经量正常。",
    "辅助检查": "当地人民医院血常规：WIBC 0.9X1O9/L,N 0. 03X109/L,PLT 3X109/L,HGB 50g/L；骨髓细胞学：骨髓巨核细胞减少，活检示骨髓造血增生明显减退。"
}