{
    "患者": "***，女，57岁。",
    "主诉": "突发头痛3天。",
    "现病史": "病人3天前无明显诱因突发头痛伴呕吐，有小便失禁，在当地人民医院行头颅CT检查示左侧脑室三角区占位，脑室出血，今为求进一步诊治转来我院。起病以来，病人精神、食欲差，大便未解，体力下降。",
    "既往史": "平素健康状况良好，无传染病史，无手术外伤史，无过敏史。",
    "个人史": "无吸烟饮酒史，无毒品接触史。",
    "婚育史": "已婚，结婚年龄24岁，配偶健康状况良好。月经史：初潮年龄14岁，经期 4 天，周期 28天，绝经 2003-12-01，无痛经，无经期不规则。",
    "家族史": "无家族性遗传病史及传染病人密切接触史。父亲已故，自然死亡；母亲体健。",
    "辅助检查": "CT 提示左侧脑室脑膜瘤。"
}