{
    "患者": "***，男，2 个月零1天。 ",
    "主诉": "咳喘 4 天。 ",
    "现病史": "患儿于 4 天前无明显诱因下出现阵发性咳嗽伴明显喘息，有痰，不易咳出，无发热，无呼吸困难及吐泻症状，于外院治疗（具体不详）后症状无明显好转。 ",
    "既往史": "平素健康状况良好，无疾病史，无传染病史，按计划进行预防接种，无输血史，无外伤及手术史。 ",
    "个人史": "：第 2 胎第 1产，出生时体重 4kg。出生情况早产，无窒息，生产情况剖宫产，母孕期情况好，人工喂养。生长发育史抬头 2 月。",
    "家族史": "父母非近亲婚配，家族成员无传染病史，无遗传、代谢病史，家庭成员无类似病史。"
}