{
    "患者": "**，女性，36岁。",
    "主诉": "尿频、尿急、尿痛 5天；发热2天。",
    "既往史": "病人于5天前憋尿后出现尿频，排尿次数较平时显著增加，每日排尿约十余次；尿急，排尿急迫感；尿痛，为排尿烧灼感，尿色黄，浑浊，无水肿、少尿及肉眼血尿等，病人自服“三金片”治疗后上述症状无缓解，尿频、尿急、尿痛持续并逐渐加重，出现腰痛，乏力，食欲下降；至2天前病人出现发热，体温约38C，发热前畏寒，寒战，发热呈间歇性，可自行下降至正常，无盗汗，未经抗感染治疗来我院就诊，门诊以“急性肾盂肾炎”收人院。起病以来病人精神食欲睡眠不佳，小便同上，大便干结，体力下降，体重无明显改变。",
    "个人史": "平素体健，否认肝炎、结核病史及密切接触史，否认药物过敏史。",
    "婚育史": "已婚，爱人体健，月经周期正常，白带量色正常。",
    "辅助检查": "2008-05-24，当地医院：尿分析：比重 1.020,pH 5.5，蛋白（一）,WBC 25/HP;血分析:WBC 12. 3g/L,N 89%,HGB 120g/L,PLT 186X109/L。"
}