{
    "患者": "**，女，6岁。",
    "主诉": "左侧躁关节肿胀2 天。",
    "现病史": "患儿4天前逐渐出现臀部、双下肢多处风团样皮疹，曾行抗过敏治疗，皮疹稍减退。患儿2 天前无明显诱因出现左侧躁关节肿胀，有触痛，局部皮温稍高，躁关节活动度可，可负重。体温37 -'38℃左右。收人院起病以来，精神一般，睡眠可，食欲可，大小便正常，体力、体重无明显改变。",
    "既往史": "平素健康状况：一般；疾病史：无；传染病史：无；预防接种史：按计划接种；其他：无；输血史：无；手术及外伤史：无。",
    "家族史": "奶奶 9 年前因“白血病”去世，爷爷去年因“肺癌”去世，患儿家属诉其曾祖父、母为近亲联姻，但其父母非近亲。",
    "辅助检查": "2月 2 日，我院门诊尿常规（一)；血常规：WBC 13.9X109/L,N 59%,L34%,M 5.4%,E 0.6%,HGB 139g/L,PLT 552X109/L,CRP 5mg/L;查凝血APTT ↑43. 8,STT ↑18. 1,ESR↑ 27. 00mm/H，小便常规RBC↑15. 5 个／ul, WBC↑个／u，l风湿全套，大便常规均正常，血生化LD↑294U/L. 胸部正侧位片十双侧跺关节正侧位片正常。"
}