{
    "患者": "***，男，1天。",
    "主诉": "精神反应欠佳15分钟。 ",
    "现病史": "患儿第四胎第一产，孕 36周剖宫产娩出，无羊水污染史，无产伤史，无宫内窘迫史，Apgar评分一分钟8分，五分钟 9 分，出生后精神欠佳，请我科会诊。起病以来，精神反应欠佳，未开奶，大小便未排，体重正常。",
    "喂养史": "未开奶。",
    "预防接种史": "接种乙肝疫苗。",
    "个人史": "第四胎，第一产，出生时体重 2.25kg。出生时情况：早产，无窘迫。 生产情况：剖宫产。母孕期情况：一般。",
    "家族史": "父母婚配：非近亲结婚。父亲 28 岁，身体健康，血型 O,Rh不详。母亲 30 岁，身体健康，血型 A,Rh阳性。家族无遗传代谢病史。",
    "辅助检查": "心电图：显示窦性心动过速，右心室肥大，非特异性 T波异常； x线检查：双肺下野纹理增强，左上肺野密度增高成膜玻璃样，其余正常； 凝血功能：PT 15. 9 秒,PT-act 64.1%,PT-INR 1.397,FIB 1. 689g/L,APTT 77.0秒。 血生化：葡萄糖2. 83mol/L,CK 330U/L,LD 674U/L,A/G为 1. 92，总胆红素 TB工L 96. 7p.xnol/L，直接胆红素DBIL 11. 311mol/L。 甲状腺功能：游离甲状腺素 FT4 2. 02ng/d，游离三碘甲状腺原氨酸 F毛 4. 5pg/m（l 升高），促甲状腺素 TSH 13. 79U1U/m。 308 、 2月 8 日，复查血生化：Ca 1. 5lmmoL,Mg 0. 49mmol/L,P 3. O9mmol/L, CK 845. 9U/L,LD 526. 1U/L。 TSH 13. 791U/m。凝血功能下降。"
}