{
    "患者": "**，男，7个月。 ",
    "主诉": "腹泻 2 个月余。 ",
    "现病史": "患儿 2 个月前无明显诱因出现腹泻，解稀水便，6-7 次／天，带泡状物、颗粒状物，无呕吐，无发热，无咳嗽、流涕，口服药物，换用奶粉，均未见好转，给予凯福隆（头孢噻肟钠）输液治疗 2 天后好转，2 次／天，停药后渐加重，后用天兴治疗 2 天，未见好转，现患儿仍稀水便 6-7 次／天。",
    "既往史": "平素健康状况良好；疾病史：2 个月时腹泻；传染病史：无；药物过敏史：无；预防接种：按计划接种；输血史：无；外伤及手术史：无。 ",
    "个人史": "第 1胎第1产；出生时体重 3. 25kg；出生时情况：足月；无窒息；生产情况：剖宫产，母孕期情况好；喂养史：人工喂养，添加辅食时间 4 个月；母乳期营养及健康一般，常感冒发热；生长发育史：抬头 3 月，坐 6 月，萌牙 6 月；说话：未说话；生活习惯：饮食，睡眠正常；无其他异常情况。 ",
    "家族史": "父母婚配：非近亲；家族成员传染病史：无；遗传、代谢病史：无；家庭成员类似病史：无。 ",
    "辅助检查": "7 月 19 日，儿童医院血常规：WBC 9.0*10^9/L,W-LCR 27.8%,W-SCR 61. 6%,W-MCR 10. 6%. 8 月 20 日门诊大便常规：真菌，潜血弱阳性。"
}