{
    "患者": "***，男，37岁。",
    "主诉": "腹胀5天伴呕吐、黑便各1次。",
    "现病史": "病人5天前饮酒后自觉腹胀，无腹痛、发热、心慌、胸闷等不适，4天前午餐仍饮白酒，3天前午餐后呕吐1次，在外院门诊以“感冒”治疗，症状无好转后住院。测血压75/4OmmHg，住院治疗后给予抗感染、补液治疗后，腹胀症状无明显好转。昨日中午解黑、便一次，量约200m1，未见呕血，无发热、寒战等不适。起病以来，精神差，睡眠差，食欲差，小便正常，大便如上诉，体力、体重无明显改变。",
    "既往史": "平素健康状况良好，糖尿病史 6年，未行系统治疗；无手术外伤史，无输血史，否认过敏史。",
    "个人史": "经常居留地：黄石市。地方病地区居住史：无。吸烟史：无。饮酒史：有，平均3两／日，时间10年；未戒酒。毒品接触史：无。其他：无。",
    "婚育史": "已婚；结婚年龄：21岁，配偶体健。",
    "辅助检查": "WBC 13.2 * 10^9/L; NEUT％升高，78. 7%;PLT 下降，71 X 109/L; ALB 下降，21. 7g/L;TCO2下降，15. 0mmol/L; GLU 升高，9. 97mmol/L; K 下降，3. 17mmol/L；IP 下降，0. 48mmol/L; AMY 升高，760. 8U/L; LIPA 升高，7320. 5U/L；尿 AMY 升高，2085U/L；尿 GLU 阳性（十十十）;KET 阳性（十十）。腹部超声示：胆结石；胰腺增大，回声减低，（结合病史有胰腺炎可能）；腹腔积液。x线片示：双侧胸腔积液。"
}