{
    "患者": "张**，女，19岁。",
    "主诉": "渐渐不愿与人交往、烦躁、情绪低落2个月余。",
    "现病史": "病人自幼在生活上受到父母的宠爱，想吃什么父母就买什么，但在学习和行为上严格要求，不许做这，不许做那。到了中学，父母不让她做任何家务事，衣来伸手，饭来张口，病人整天看书学习。2004年考人某大学，9月份由父母陪同人学，安排好宿舍后，父母欲回家，病人不想让父母回家，经父母再三劝慰后同意父母回家。开始病人表现尚正常，只是生活自理能力差。临近期中考试，病人忙于学习，经常吃不到饭，衣服也不洗，有时不梳头就去上课，考试成绩也不理想，受到父母的严厉批评。病人渐出现情绪低落，不愿与同学交往，常独自一人在宿舍里唉声叹气、哭泣，觉得自己没有能力，甚至对父母说不想读书，想退学，并出现失眠，表现为人睡困难，在床上辗转反侧久久不能人睡，次日感到头晕脑涨，上课注意力不集中。食欲差，含量明显减少，病人自诉没胃口，不想吃。遂来我院门诊寻求心理咨询，门诊以“适应障碍（应激所致精神障碍）”收治人院。发病以来，精神差，体力、体重下降，饮食、睡眠差，大小便一般。",
    "既往史": "平素健康状况良好，无手术外伤史，无传染病史。预防接种史不详，无输血、过敏史。",
    "个人史": "足月顺产，幼时生长发育正常。7岁读书，19岁高中毕业，学习成绩较好。19岁考人大学，与同学来往少。平素性格内向、胆小、顺从。无吸烟饮酒史，无吸毒史。经常居留地：武汉市；地方病地区居住史：无。",
    "月经史": "初潮年龄12岁，经期 5 天，周期 30天，经量正常，无经痛。",
    "婚育史": "至今未婚未育。",
    "家族史": "父母健在，身体均健康，家系中无精神病病人。",
    "精神检查": "意识清晰，接触合作，衣着整洁，年貌相符，定向准确，未引出幻觉、妄想。思维联想连贯性与逻辑方面无异常，情绪稍低。自诉在家什么都好，自从上大学后，什么都要自己做，还要读书，感觉力不从心，极不适应学校的生活，经常想回家，不想继续读大学，爸爸妈妈又不同意。自知力存在。"
}