{
    "患者": "***，女，36岁。",
    "主诉": "经期延长，经量增多1年余。",
    "现病史": "病人平素月经规律，经期 5~7天，月经周期 32 天，量中，无痛经，末次月经：2010-04-14，暗红色。于1年前因月经周期延长在当地妇检时发现子宫肌瘤，即在当地医院治疗（具体治疗用药不详），后症状无缓解。近期月经不规则，出血症状较前加重伴月经周期延长，为求进一步治疗到我院求诊。门诊 B 超示子宫底部可见一大小 4. OcmX3. 5cm圆形低回声光团凸向宫外，提示子宫肌瘤。遂以“子宫肌瘤”收人我院。起病以来，病人精神，食欲，睡眠尚可，大小便正常。体力、体重无明显变化。",
    "既往史": "平素健康状况良好，无疾病史，无传染病史，预防接种史不详，无外伤及手术史，无输血史，药物过敏史不详。",
    "个人史": "经常居住地：赤壁市；职业：会计，无吸烟、饮酒等不良嗜好，无毒品接触史。",
    "婚育史": "已婚已孕；结婚年龄：25岁，妊娠4次，产1次，自然生产1次，手术产0，自然流产0 次，人工流产3 次，早产0 次，死产0次，配偶健康状况良好。",
    "月经史": "初潮年龄14岁，经期7天，周期32天，末次月经：2010-04-14，经量正常，无痛经，月经周期正常。",
    "家族史": "父母均健在，身体健康，无家族遗传病史。",
    "辅助检查": "2010-04-26，我院门诊 B 超示子宫底部可见一大小 4. 0cmX3. 5cm 圆形低回声光团凸向宫外，提示子宫肌瘤。",
    "妇科检查": "外阴已婚已产式，阴道少许分泌物，宫颈肥大光滑，后位子宫，宫体上可触及约 5~ 6cm大小的肌瘤，无压痛，双侧附件区未触及异常。"
}