{
    "患者": "**，女，66岁。",
    "主诉": "发现右侧颈部肿块半年。",
    "现病史": "半年前无明显诱因出现颈部肿块，约花生米大小，无其他不适，当时未行特殊处理。半年来肿块逐渐增大，近来感觉有呼吸不畅症状，来我院求诊，门诊查甲状腺功能正常，肿块穿刺细胞学检查考虑甲状腺良性肿瘤。起病以来，病人精神，食欲，睡眠，大小便均正常，体力、体重无明显改变。",
    "既往史": "高血压病史，服用罗布麻降血压，血压控制良好，有帕金斯病，服用安坦（苯海索）及美多芭（多巴丝胁）治疗。无传染病史，无药物过敏史，无手术外伤史，无输血史。疫苗接种史不详。",
    "个人史": "经常居住地：武汉；吸烟史：无；饮酒史：无。",
    "婚育史": "已婚已孕，配偶体健，孕1产1月经史：过去经期 5天；周期 30天；现已闭经，闭经日期不详。",
    "家族史": "父已故，死因：自然死；母已故，死因：自然死。",
    "辅助检查": "2011-03-10，彩超提示：甲状腺右叶混合型包块。"
}