{
    "患者": "陈**，男，75岁。",
    "主诉": "少尿伴恶心呕吐 5天。",
    "既往史": "病人于 5天前无明显诱因出现尿量减少，约5 00 ml左右，伴恶心、呕吐、呕吐为少许胃内容物，有腰痛、尿痛，2天前出现发热，寒战，黑色大便，糊糊状。无尿液颜色改变，无尿频、尿急，无心慌、胸闷、气促，无头晕、头痛，无关节头痛。起病以来在当地医院就诊，具体治疗不详。自觉上述症状未改善，即来我院，门诊以“慢性肾衰竭”收入院。起病以来，精神、睡眠可，食欲较差，大、小便如上述，体力、体重无明显下降。",
    "个人史": "平素健康状况较差，有高血压，肾结石病史多年，2005 年发现白内障、青光眼，现右眼失明，2009年发现血肌配升高，无传染病史，无手术外伤史，无过敏史。",
    "婚育史": "无吸烟饮酒史，无毒品接触史。",
    "家族史": "已婚；结婚年龄：25岁，配偶健康状况良好。",
    "辅助检查": "2011-03-09，于当地人民医院做肾功能检查 BUN 10.l7mol/L,Cr 162. 0imo1/L,K 5. 34rnmo1/L; 2011-03-16 ，尿液分析 BLD 3 十，BILl十，RBC 2671 个／UL，泌尿系彩超示；右肾体积缩小，左肾积液，左侧输尿管下端结石？左肾结石，前列腺增生。"
}