{
    "患者": "***，男，14岁。、",
    "主诉": "左侧腰背部隐痛，伴肉眼血尿 6小时余。",
    "现病史": "病人6小时前因摔倒致左侧腰背部隐痛不适，伴肉眼血尿，无尿频、尿急、尿痛，无发热、恶心、呕吐。自起病以来，精神、食欲、睡眠尚可，大便正常，小便见肉眼血尿，不伴尿频、尿急、尿痛，体力、体重未见明显改变。",
    "既往史": "平素健康状况良好，各系统无特殊疾病史，否认“乙肝、结核”等传染病史，无手术外伤史，无输血史，无药物过敏史，预防接种史不详。",
    "个人史": "经常居留地；武汉市。地方病地区居住史：无。吸烟史：无。饮酒史：无。毒品接触史：无。其他：无。",
    "婚育史": "未婚。",
    "家族史": "无家族性遗传病史及传染病人密切接触史，父母体健。",
    "辅助检查": "超声：1．左肾包膜下少量积液；2．左肾囊肿。"
}