{
    "患者": "***，男，26岁。",
    "主诉": "突发上腹疼痛1天。",
    "现病史": "病人于1天前无明显诱因出现上腹疼痛，呈持续性，伴恶心呕吐，呕吐为胃内容物，无发热，急来我院求治。门诊血常规：WBC 13.4*10^9/L,X线提示消化道穿孔。",
    "既往史": "平素健康状况较差，上腹胀痛多年，未行系统治疗，否认“高血压、糖尿病”等疾病史，否认“乙肝、结核”等传染病史，无手术外伤史，无输血史，过敏史不详，预防接种史不详",
    "个人史": "经常居留地：黄冈市。地方病地区居住史：无。吸烟史：无。饮酒史：无。毒品接触史：无。其他：无。",
    "婚育史": "已婚；结婚年龄：25岁；配偶体健。",
    "辅助检查": "门诊血常规：WBC13. 4*10^9/L,X 线提示消化道穿孔"
}