{
    "患者": "***，男，24岁",
    "主诉": "胸闷、心慌1周。",
    "既往史": "病人1周前因感冒后出现胸闷、心慌不适，活动后加重，伴恶心、呕吐、头昏，不伴胸痛、晕厥，曾于当地医院治疗，药物不详，症状未明显好转，遂来我院就诊，门诊以“病毒性心肌炎？”收人心血管内科。起病以来，精神一般，睡眠差，食欲差，大小便正常，体力下降，体重无明显变化。",
    "个人史": "平素健康状况良好，无疾病史，无传染病史，预防接种史不详，无外伤及手术史，无输血史，无药物过敏史。",
    "婚育史": "经常居留地：黄阪区；无吸烟、饮酒及毒品接触史。",
    "家族史": "未婚。",
    "门诊资料": "2011-03-04 于当地医院拍摄胸片示：肺部感染，主动脉型心影"
}