{
    "患者": "**，男，36岁。",
    "主诉": "心慌、乏力伴呕吐半日。",
    "既往史": "病人今早无明显诱因感心慌、胸闷、气短、乏力、食欲减退伴呕吐一次，呕吐物为水样胃内容物，曾到当地中医院就诊，门诊心电图提示“室上性心动过速”，先后给予心律平（普罗帕酮）、胺碘酮治疗，室上性心动过速（简称，室上速）未终止。即到我院门诊就诊，门诊以“室上速”收人院。起病以来，精神一般，睡眠可，食欲差，大小便正常，体力下降，体重无明显增减。",
    "个人史": "否认高血压、冠心病及糖尿病，阵发性心慌发作史 2 年，未予以重视；无传染病史；无手术外伤史；无过敏史；疫苗接种史不详。",
    "婚育史": "无吸烟饮酒史，无毒品接触史。",
    "家族史": "已婚；结婚年龄：25岁，配偶健康状况良好。",
    "辅助检查": "2011-0 1-3 1本院心电图示室上性心动过速，心电轴正常；心脏彩超未见异常。2011-02-01 本院血浆各项检查、血常规均正常；血清生化检查：总胆红素 TBIL 27.21imo1/L，直接胆红素 DBIL 9. 1拜mo1/L，尿酸 UA 552imo1/L，二氧化碳总量 TCO2 20. 6mmol/L，高密度脂蛋白胆固醇 HDL-C 0. 77mmo1/L，阴离子间隙 AGPK 20. 9mmol/ L；血清免疫检查：HBeAb 阳性（十）,HBcAb 阳性（十）。"
}